Event_Title,Date,Time,Venue,Address,url,Date_and_time
Versace Boys Album Launch at the Retreat Hotel with Supports by Jimmy Harwood and Esther Henderson,2024-11-17,18:30,Retreat Hotel,"Level 1/280 Sydney Rd, Brunswick VIC 3056, Australia",https://www.facebook.com/events/563173139744963/,Sunday at 18:30
Way Out East @ Bar Oussou!,2024-11-17,20:00,Bar Oussou,"653 Sydney Rd, Brunswick VIC 3056, Australia",https://www.facebook.com/events/1961496930998694/,Sunday at 20:00
"(Sun, Nov 17) THE SPIRIT DITCH + MAMA'S BREW",2024-11-17,14:30,George Lane St Kilda,"1 George Ln, St Kilda VIC 3182, Australia",https://www.facebook.com/events/2312372555781562/,Sunday from 14:30-18:30
Watch UFC 309: Jones vs Miocic at The Queensberry Hotel! ,2024-11-17,14:00,Queensberry Hotel,"593 Swanston St, Carlton VIC 3053, Australia",https://www.facebook.com/events/1306308690811348/,Sunday at 14:00
BAND COMPETITION - Good Things Festival Band Comp // Sydney // Heat 3,2024-11-17,15:00,Good Things Festival,"448 Epsom Rd, Flemington VIC 3031, Australia",https://www.facebook.com/events/1281809319900444/,Sunday at 15:00
CLUB SUNDAYS 2ND BIRTHDAY AT CIRCUS,2024-11-17,22:00,Circus Bar,"199 Commercial Rd, South Yarra VIC 3141, Australia",https://www.facebook.com/events/429960836813057/,Sunday at 22:00
JP Cooper | Australian Tour 2024  | Melbourne 18+,2024-11-17,19:00,170 Russell,"170 Russell St, Melbourne VIC 3000, Australia",https://www.facebook.com/events/1058873639178824/,Sunday from 19:00-20:30
Dungeons & Flagons at The Home of Games,2024-11-17,12:45,Fortress Melbourne,"Shop 25/23 Caledonian Ln, Melbourne VIC 3000, Australia",https://www.facebook.com/events/919605919560820/,Sunday from 12:45-20:00
SLAUX - DOORS 3PM - Take 9 Single Launch @ Shotkickers w/ Dante Z.C + Complainer ,2024-11-17,15:00,Shotkickers,"744 High St, Thornbury VIC 3071, Australia",https://www.facebook.com/events/1285257125969731/,Sunday from 15:00-18:00
GRETTA ZILLER at MANTRA STUDIO (YARRAVILLE) on SUNDAY 17th NOVEMBER from 3.00pm,2024-11-17,15:00,Mantra Studio Kitchen and Bar,"10A Campbell St, Yarraville VIC 3013, Australia",https://www.facebook.com/events/1046635273640992/,Sunday from 15:00-17:00
Dungeons & Flagons at The Home of Games,2024-11-17,12:45,Fortress Melbourne,"Shop 25/23 Caledonian Ln, Melbourne VIC 3000, Australia",https://www.facebook.com/events/919605919560820/?event_time_id=919606022894143,Sunday from 12:45-20:00
RageInSaturn Pt. 1,2024-11-17,19:30,Bad Decisions Bar,"46 Johnston St, Fitzroy VIC 3065, Australia",https://www.facebook.com/events/2047863222334754/,Sunday from 19:30-23:30
Sunset Session Jazz Jam,2024-11-17,18:00,Ragtime Tavern,"206 Tyler St, Preston VIC 3072, Australia",https://www.facebook.com/events/732212515419065/?event_time_id=778733234100326,Sunday from 18:00-23:00
Sunset Session Jazz Jam,2024-11-17,18:00,Ragtime Tavern,"206 Tyler St, Preston VIC 3072, Australia",https://www.facebook.com/events/732212515419065/,Sunday from 18:00-23:00
Sunday Fundays - The Sociables 'Classic Rock',2024-11-17,14:00,Musicland Melbourne,"1359 Sydney Rd, Fawkner VIC 3060, Australia",https://www.facebook.com/events/7943990389045986/,Sunday from 14:00-18:00
Geoff Achison | Brunswick Ballroom,2024-11-17,13:00,Brunswick Ballroom,"314 Sydney Rd, Brunswick VIC 3056, Australia",https://www.facebook.com/events/2482452871955686/,Sunday at 13:00
Anna Ransom 'Tides' EP Tour - Melbourne Show,2024-11-17,18:30,Lulie Tavern,"225 Johnston St, Abbotsford VIC 3067, Australia",https://www.facebook.com/events/1355513522097822/,Sunday from 18:30-21:00
GRETTA ZILLER at MANTRA STUDIO (YARRAVILLE) on Sunday 17 November 2024 from 3.00pm,2024-11-17,15:00,Mantra Studio Kitchen and Bar,"10A Campbell St, Yarraville VIC 3013, Australia",https://www.facebook.com/events/812517620711919/,Sunday from 15:00-17:00
Domingo Latino - El Bembe Orchestra,2024-11-17,18:45,The Night Cat,"137-141 Johnston St, Fitzroy VIC 3065, Australia",https://www.facebook.com/events/1617713075826889/,Sunday at 18:45
Girl and Girl Aus Spring Tour - Bergy Bandroom W Square and Sp√ºrts,2024-11-17,18:30,Bergy Bandroom,"64 Sydney Rd, Brunswick VIC 3056, Australia",https://www.facebook.com/events/893524805611391/,Sunday at 18:30
Georga Byrne Trio (DYNAMIQ) Live in the Glasshouse,2024-11-17,16:00,Transport Hotel,"Transport Hotel, Ground Level Federation Square, Melbourne VIC 3000, Australia",https://www.facebook.com/events/528262143353943/,Sunday from 16:00-19:00
The Punters | Every Sunday at Punters Club,2024-11-17,15:00,Punters Club,"376 Brunswick St, Fitzroy VIC 3065, Australia",https://www.facebook.com/events/2338349969876972/?event_time_id=2338350003210302,Sunday from 15:00-18:00
SundayVille ‚Ä¢ November 17,2024-11-17,22:00,StoryVille,"185 Lonsdale St, Melbourne VIC 3000, Australia",https://www.facebook.com/events/1696361747597944/,Sunday from 22:00-07:00
Soy Candle Making,2024-11-17,10:30,CERES Environment Park,"Stewart St & Roberts St East, Brunswick VIC 3056, Australia",https://www.facebook.com/events/456049123718352/,Sunday from 10:30-12:30
Rain of Animals MUSIC at CERES,2024-11-17,10:30,CERES Environment Park,"Stewart St & Roberts St East, Brunswick VIC 3056, Australia",https://www.facebook.com/events/1281056809557314/,Sunday from 10:30-12:30
Fatdog and the Tits and Black Dog Cat Band Off Leash Tour ,2024-11-17,16:00,The Last Chance,"238 Victoria St, Melbourne VIC 3000, Australia",https://www.facebook.com/events/436317022811227/,Sunday from 16:00-19:00
Thug chugging at Last Chance,2024-11-17,19:00,The Last Chance,"238 Victoria St, Melbourne VIC 3000, Australia",https://www.facebook.com/events/1070486048015792/,Sunday at 19:00
Soul Of Fitzroy ft. Northside Records | ON THE ROOFTOP,2024-11-17,18:00,Punters Club,"376 Brunswick St, Fitzroy VIC 3065, Australia",https://www.facebook.com/events/1172693264432719/?event_time_id=1172693271099385,Sunday from 18:00-21:00
 Ballers Arena Grand Finals - 17th Sunday 5.30 PM! ,2024-11-17,17:30,Ballers Arena,"2/117 Cochranes Rd, Moorabbin VIC 3189, Australia",https://www.facebook.com/events/3723590261120998/,Sunday from 17:30-22:00
Motor City Sounds - Motown Revue | MEMO Music Hall,2024-11-17,15:00,MEMO Music Hall,"88 Acland St, St Kilda VIC 3182, Australia",https://www.facebook.com/events/1143503240410773/,Sunday at 15:00
DACY Sunday Sesh!,2024-11-17,16:00,Temperance Hotel,"426 Chapel St, South Yarra VIC 3141, Australia",https://www.facebook.com/events/2806760186163810/,Sunday from 16:00-19:00
ùêíùêéùêãùêÉ ùêéùêîùêì | DROPKICK MURPHYS / Melbourne / The Forum / with Alkaline Trio ,2024-11-17,19:00,Forum Melbourne,"154 Flinders St, Melbourne VIC 3000, Australia",https://www.facebook.com/events/1673409803472741/,Sunday at 19:00
 FREE SUNDAY LIVE MUSIC | Peter Sullivan Trio,2024-11-17,14:00,arcobar heatherton,"8 Arco Ln, Heatherton VIC 3202, Australia",https://www.facebook.com/events/601536558964869/,Sunday from 14:00-16:30
The The,2024-11-17,20:30,Palais Theatre,"Lower Esplanade, St Kilda VIC 3182, Australia",https://www.facebook.com/events/1292831681335988/,Sunday at 20:30
Funny Girl | Matinee Memories at Balwyn,2024-11-17,13:00,Palace Cinemas,"1 Champ St, Coburg VIC 3058, Australia",https://www.facebook.com/events/299296789917075/,Sunday at 13:00
GTB Live and Loud,2024-11-17,16:30,George Trimmer Band,"144 Melville Rd, Pascoe Vale VIC 3044, Australia",https://www.facebook.com/events/1754963855281266/,Sunday at 16:30
Eruption Duo,2024-11-17,14:00,Altona Sports Club,"11 Altona Rd, Altona VIC 3018, Australia",https://www.facebook.com/events/1091764365838561/,Sunday from 14:00-17:00
The Punters | Every Sunday at Punters Club,2024-11-17,15:00,Punters Club,"376 Brunswick St, Fitzroy VIC 3065, Australia",https://www.facebook.com/events/2338349969876972/,Sunday from 15:00-18:00
Soul Of Fitzroy ft. Northside Records | ON THE ROOFTOP,2024-11-17,18:00,Punters Club,"376 Brunswick St, Fitzroy VIC 3065, Australia",https://www.facebook.com/events/1172693264432719/,Sunday from 18:00-21:00
UFC 309: Jones vs Miocic,2024-11-17,14:00,Inkerman Hotel,"375 Inkerman St, St Kilda East VIC 3183, Australia",https://www.facebook.com/events/1005920164622878/,Sunday at 14:00
Killer Pool Comp - Mondays,2024-11-18,19:00,Inkerman Hotel,"375 Inkerman St, St Kilda East VIC 3183, Australia",https://www.facebook.com/events/1038406204674063/?event_time_id=1038406328007384,Monday from 19:00-21:30
Killer Pool Comp - Mondays,2024-11-18,19:00,Inkerman Hotel,"375 Inkerman St, St Kilda East VIC 3183, Australia",https://www.facebook.com/events/1038406204674063/,Monday from 19:00-21:30
Brad Williams - MELBOURNE,2024-11-18,19:00,Juke's Karaoke Crown Melbourne,"Level 1 Metropol precinct, Crown Melbourne, 8 Whiteman St, Southbank VIC 3006, Australia",https://www.facebook.com/events/739773735036150/,Monday from 19:00-20:30
PLAYAZ CLUB: LANEWAY HOOP SHOOTOUT,2024-11-18,18:00,Section 8,"27-29 Tattersalls Ln, Melbourne VIC 3000, Australia",https://www.facebook.com/events/1804239166982408/,Monday from 18:00-23:00
Morning Melodies 2024 Season,2024-11-18,11:00,Arts Centre Melbourne,"100 St Kilda Rd, Southbank VIC 3004, Australia",https://www.facebook.com/events/344932704872465/,Monday from 11:00-12:00
PLAYAZ CLUB: LANEWAY HOOP SHOOTOUT,2024-11-18,18:00,Section 8,"27-29 Tattersalls Ln, Melbourne VIC 3000, Australia",https://www.facebook.com/events/1804239166982408/?event_time_id=1804239206982404,Monday from 18:00-23:00
Lewis Coleman ~ The Tav Residency with Hannah Cameron ,2024-11-18,19:00,The Merri Creek Tavern,"111 High St, Northcote VIC 3070, Australia",https://www.facebook.com/events/540517621720181/,Monday from 19:00-22:00
PLAYAZ CLUB: LANEWAY HOOP SHOOTOUT,2024-11-18,18:00,Section 8,"27-29 Tattersalls Ln, Melbourne VIC 3000, Australia",https://www.facebook.com/events/1804239166982408/?event_time_id=1804239190315739,Monday from 18:00-23:00
"‚ÄòSocial Sanctuary‚Äô with Fruit Tones (UK), Rhysics + Girlatones",2024-11-18,19:00,Northcote Social Club,"301 High St, Northcote VIC 3070, Australia",https://www.facebook.com/events/546201244564506/,Monday at 19:00
PLAYAZ CLUB: LANEWAY HOOP SHOOTOUT,2024-11-18,18:00,Section 8,"27-29 Tattersalls Ln, Melbourne VIC 3000, Australia",https://www.facebook.com/events/1804239166982408/?event_time_id=1804239200315738,Monday from 18:00-23:00
Funny Near The Brunny! - Free Live Comedy Every Monday,2024-11-18,20:00,Bergy Bandroom,"64 Sydney Rd, Brunswick VIC 3056, Australia",https://www.facebook.com/events/1068456871671985/?event_time_id=1068457761671896,Monday from 20:00-22:30
Funny Near The Brunny! - Free Live Comedy Every Monday,2024-11-18,20:00,Bergy Bandroom,"64 Sydney Rd, Brunswick VIC 3056, Australia",https://www.facebook.com/events/1068456871671985/,Monday from 20:00-22:30
Social Pickleball,2024-11-18,09:00,Keilor Basketball Netball Stadium,"Stadium Dr, Keilor Park VIC 3042, Australia",https://www.facebook.com/events/1596492704428262/?event_time_id=1596496894427843,Monday from 09:00-12:00
Tavern Trivia at The Home of Games | Pop Culture Trivia,2024-11-18,18:30,Fortress Melbourne,"Shop 25/23 Caledonian Ln, Melbourne VIC 3000, Australia",https://www.facebook.com/events/2160734360954610/?event_time_id=2160734384287941,Monday from 18:30-21:30
ùêçùêÑùêñ ùêíùêáùêéùêñ | DROPKICK MURPHYS / Melbourne / The Forum / with Alkaline Trio ,2024-11-18,19:00,Forum Melbourne,"154 Flinders St, Melbourne VIC 3000, Australia",https://www.facebook.com/events/359390353867028/,Monday at 19:00
Tavern Trivia at The Home of Games | Pop Culture Trivia,2024-11-18,18:30,Fortress Melbourne,"Shop 25/23 Caledonian Ln, Melbourne VIC 3000, Australia",https://www.facebook.com/events/2160734360954610/,Monday from 18:30-21:30
Social Pickleball,2024-11-18,09:00,Keilor Basketball Netball Stadium,"Stadium Dr, Keilor Park VIC 3042, Australia",https://www.facebook.com/events/1596492704428262/,Monday from 09:00-12:00
Social Pickleball,2024-11-18,09:00,Keilor Basketball Netball Stadium,"Stadium Dr, Keilor Park VIC 3042, Australia",https://www.facebook.com/events/1596492704428262/?event_time_id=1596496891094510,Monday from 09:00-12:00
A Real Pain: Closing Night of Searchlight Spring,2024-11-19,19:00,Cinema Nova,"380 Lygon St, Carlton VIC 3053, Australia",https://www.facebook.com/events/565932205911013/,Tuesday 19 November 2024 at 19:00
Rom-Com: A Celebration of Romantic Comedies,2024-11-19,19:00,Lido Cinemas,"675 Glenferrie Rd, Hawthorn VIC 3122, Australia",https://www.facebook.com/events/995394008973998/?event_time_id=995394045640661,Tuesday 19 November 2024 from 19:00-21:00
Rom-Com: A Celebration of Romantic Comedies,2024-11-19,19:00,Lido Cinemas,"675 Glenferrie Rd, Hawthorn VIC 3122, Australia",https://www.facebook.com/events/995394008973998/?event_time_id=995394038973995,Tuesday 19 November 2024 from 19:00-21:00
Oldboy + Talk To Me: Double Feature,2024-11-19,19:00,Cinema Nova,"380 Lygon St, Carlton VIC 3053, Australia",https://www.facebook.com/events/2010812036024325/,Tuesday 19 November 2024 at 19:00
Rom-Com: A Celebration of Romantic Comedies,2024-11-19,19:00,Lido Cinemas,"675 Glenferrie Rd, Hawthorn VIC 3122, Australia",https://www.facebook.com/events/995394008973998/?event_time_id=995394042307328,Tuesday 19 November 2024 from 19:00-21:00
Hardware Road Synth Meet Naarm - Noisegate presents Korg,2024-11-19,19:00,Howler,"7-11 Dawson St, Brunswick VIC 3056, Australia",https://www.facebook.com/events/3884829371732547/,Tuesday 19 November 2024 from 19:00-21:00
Rom-Com: A Celebration of Romantic Comedies,2024-11-19,19:00,Lido Cinemas,"675 Glenferrie Rd, Hawthorn VIC 3122, Australia",https://www.facebook.com/events/995394008973998/,Tuesday 19 November 2024 from 19:00-21:00
The Australian Ballet: Oscar,2024-11-19,19:15,Cinema Nova,"380 Lygon St, Carlton VIC 3053, Australia",https://www.facebook.com/events/552571684131023/,Tuesday 19 November 2024 at 19:15
"Twenty One Pilots - The Clancy World Tour (Melbourne, AU)",2024-11-19,19:00,Rod Laver Arena,"200 Batman Ave, Melbourne VIC 3004, Australia",https://www.facebook.com/events/960800632141091/,Tuesday 19 November 2024 at 19:00
Rom-Com: A Celebration of Romantic Comedies,2024-11-19,19:00,Lido Cinemas,"675 Glenferrie Rd, Hawthorn VIC 3122, Australia",https://www.facebook.com/events/995394008973998/?event_time_id=995394012307331,Tuesday 19 November 2024 from 19:00-21:00
Rom-Com: A Celebration of Romantic Comedies,2024-11-19,19:00,Lido Cinemas,"675 Glenferrie Rd, Hawthorn VIC 3122, Australia",https://www.facebook.com/events/995394008973998/?event_time_id=995394052307327,Tuesday 19 November 2024 from 19:00-21:00
Condensed Milk Tuesdays,2024-11-19,18:00,Section 8,"27-29 Tattersalls Ln, Melbourne VIC 3000, Australia",https://www.facebook.com/events/3806429379629971/?event_time_id=3806429412963301,Tuesday 19 November 2024 from 18:00-23:00
Weekly MTG Commander at The Gaming Arena,2024-11-19,17:00,The Gaming Arena,"123 Bakers Rd, Coburg North VIC 3058, Australia",https://www.facebook.com/events/1541838383370198/,Tuesday 19 November 2024 from 17:00-22:00
Affinity Quartet ‚Äì Schubert's Death & the Maiden,2024-11-19,19:00,Melbourne Recital Centre,"31 Sturt St, Southbank VIC 3006, Australia",https://www.facebook.com/events/1469726140314475/,Tuesday 19 November 2024 at 19:00
Cash Prize POOL COMP,2024-11-19,19:00,Inkerman Hotel,"375 Inkerman St, St Kilda East VIC 3183, Australia",https://www.facebook.com/events/1056315672649917/,Tuesday 19 November 2024 from 19:00-22:00
Cash Prize POOL COMP,2024-11-19,19:00,Inkerman Hotel,"375 Inkerman St, St Kilda East VIC 3183, Australia",https://www.facebook.com/events/1056315672649917/?event_time_id=1056315695983248,Tuesday 19 November 2024 from 19:00-22:00
Condensed Milk Tuesdays,2024-11-19,18:00,Section 8,"27-29 Tattersalls Ln, Melbourne VIC 3000, Australia",https://www.facebook.com/events/3806429379629971/?event_time_id=3806429422963300,Tuesday 19 November 2024 from 18:00-23:00
Condensed Milk Tuesdays,2024-11-19,18:00,Section 8,"27-29 Tattersalls Ln, Melbourne VIC 3000, Australia",https://www.facebook.com/events/3806429379629971/?event_time_id=3806429402963302,Tuesday 19 November 2024 from 18:00-23:00
Spoken Word @ Bar Oussou!,2024-11-19,19:30,Bar Oussou,"653 Sydney Rd, Brunswick VIC 3056, Australia",https://www.facebook.com/events/492572360256978/?event_time_id=492572383590309,Tuesday 19 November 2024 from 19:30-23:00
Fleshwater (USA) Australian Tour ‚Äì Melbourne - SOLD OUT ,2024-11-19,20:00,Stay Gold,"133 Sydney Rd, Brunswick VIC 3056, Australia",https://www.facebook.com/events/2806546972859895/,Tuesday 19 November 2024 at 20:00 AEDT
Spoken Word @ Bar Oussou!,2024-11-19,19:30,Bar Oussou,"653 Sydney Rd, Brunswick VIC 3056, Australia",https://www.facebook.com/events/492572360256978/,Tuesday 19 November 2024 from 19:30-23:00
PLAY: Script Roulette Podcast,2024-11-19,18:00,Arts Centre Melbourne,"100 St Kilda Rd, Southbank VIC 3004, Australia",https://www.facebook.com/events/473972392257808/,Tuesday 19 November 2024 from 18:00-20:30
TRIVIA hosted by COMFORTABLY FUN,2024-11-19,19:00,Mamma Chen's,"42A Albert St, Footscray VIC 3011, Australia",https://www.facebook.com/events/3907037559579420/?event_time_id=3907037576246085,Tuesday 19 November 2024 from 19:00-22:00
TRIVIA hosted by COMFORTABLY FUN,2024-11-19,19:00,Mamma Chen's,"42A Albert St, Footscray VIC 3011, Australia",https://www.facebook.com/events/3907037559579420/,Tuesday 19 November 2024 from 19:00-22:00
Condensed Milk Tuesdays,2024-11-19,18:00,Section 8,"27-29 Tattersalls Ln, Melbourne VIC 3000, Australia",https://www.facebook.com/events/3806429379629971/,Tuesday 19 November 2024 from 18:00-23:00
Walking Football ,2024-11-20,13:00,Keilor Basketball Netball Stadium,"Stadium Dr, Keilor Park VIC 3042, Australia",https://www.facebook.com/events/314971211132118/,Wednesday 20 November 2024 from 13:00-14:00
Trivia Night,2024-11-20,19:30,Inkerman Hotel,"375 Inkerman St, St Kilda East VIC 3183, Australia",https://www.facebook.com/events/2779506008881959/,Wednesday 20 November 2024 from 19:30-22:00
OPEN MIC,2024-11-20,19:00,Mamma Chen's,"42A Albert St, Footscray VIC 3011, Australia",https://www.facebook.com/events/8182491308521964/?event_time_id=8182491315188630,Wednesday 20 November 2024 from 19:00-22:00
Walking Football ,2024-11-20,13:00,Keilor Basketball Netball Stadium,"Stadium Dr, Keilor Park VIC 3042, Australia",https://www.facebook.com/events/314971211132118/?event_time_id=314973747798531,Wednesday 20 November 2024 from 13:00-14:00
Wicked | Wicked Wednesday Preview,2024-11-20,19:00,Palace Cinemas,"1 Champ St, Coburg VIC 3058, Australia",https://www.facebook.com/events/1287716152219055/,Wednesday 20 November 2024 at 19:00
Wicked Wednesday,2024-11-20,19:00,Reading Cinemas Millers Junction,"22 Hunter Rd, Altona North VIC 3025, Australia",https://www.facebook.com/events/1218933169400039/,Wednesday 20 November 2024 at 19:00
"HOODOO GURUS | The Forum, Melbourne * NEW SHOW",2024-11-20,19:00,Forum Melbourne,"154 Flinders St, Melbourne VIC 3000, Australia",https://www.facebook.com/events/1214776929687625/,Wednesday 20 November 2024 at 19:00
Wicked Wednesday Girls' Night Out Advance Screenings,2024-11-20,19:00,HOYTS Greensborough,"25 Main St, Greensborough VIC 3088, Australia",https://www.facebook.com/events/1544239679556423/,Wednesday 20 November 2024 at 19:00
Wicked Wednesday,2024-11-20,19:00,Reading Cinemas Burwood Brickworks,"70 Middleborough Rd, Burwood East VIC 3151, Australia",https://www.facebook.com/events/1191562711948448/,Wednesday 20 November 2024 at 19:00
Checkmates: Board Game Social at The Home of Games,2024-11-20,18:00,Fortress Melbourne,"Shop 25/23 Caledonian Ln, Melbourne VIC 3000, Australia",https://www.facebook.com/events/1617677221972877/?event_time_id=1789350811472183,Wednesday 20 November 2024 from 18:00-22:00
Hachiku & Imogen Cygler and Robbie Divine @ The Merri Creek Tavern,2024-11-20,19:00,The Merri Creek Tavern,"111 High St, Northcote VIC 3070, Australia",https://www.facebook.com/events/1642040649996706/,Wednesday 20 November 2024 at 19:00
HOYTS Highpoint Girls' Night Out - Wicked,2024-11-20,18:00,HOYTS Highpoint,"Rosamond Rd, Maribyrnong VIC 3032, Australia",https://www.facebook.com/events/928728009103806/,Wednesday 20 November 2024 at 18:00
Wicked Wednesday,2024-11-20,19:30,Cinema Nova,"380 Lygon St, Carlton VIC 3053, Australia",https://www.facebook.com/events/573785585058398/,Wednesday 20 November 2024 at 19:30
A. Savage (Parquet Courts) full band show at Oxford Art Factory with The Lewers * Wednesday night!,2024-11-20,19:30,Howler,"7-11 Dawson St, Brunswick VIC 3056, Australia",https://www.facebook.com/events/849992323698018/,Wednesday 20 November 2024 at 19:30
"LIV LOUD ‚Äì An Ausmusic T-shirt Day Celebration with dogworld, Hydra Fashion Week + Public Figures",2024-11-20,19:00,Northcote Social Club,"301 High St, Northcote VIC 3070, Australia",https://www.facebook.com/events/1562413924376799/,Wednesday 20 November 2024 at 19:00
Checkmates: Board Game Social at The Home of Games,2024-11-20,18:00,Fortress Melbourne,"Shop 25/23 Caledonian Ln, Melbourne VIC 3000, Australia",https://www.facebook.com/events/1617677221972877/,Wednesday 20 November 2024 from 18:00-22:00
Mutation Launch Party - Melbourne (FREE),2024-11-20,19:00,Stay Gold,"133 Sydney Rd, Brunswick VIC 3056, Australia",https://www.facebook.com/events/8625416494209524/,Wednesday 20 November 2024 at 19:00
Walking Football ,2024-11-20,13:00,Keilor Basketball Netball Stadium,"Stadium Dr, Keilor Park VIC 3042, Australia",https://www.facebook.com/events/314971211132118/?event_time_id=314973754465197,Wednesday 20 November 2024 from 13:00-14:00
Kindred Studios & Sailor Jerry Presents: Battle Of The Bands - HEAT #3,2024-11-20,18:30,Kindred Bandroom,"3 Harris St, Footscray VIC 3011, Australia",https://www.facebook.com/events/2660190517510043/,Wednesday 20 November 2024 at 18:30
Open Mic @ BAR OUSSOU! ,2024-11-20,19:30,Bar Oussou,"653 Sydney Rd, Brunswick VIC 3056, Australia",https://www.facebook.com/events/844277771021573/,Wednesday 20 November 2024 from 19:30-23:30
BAND COMPETITION - Good Things Festival Band Comp // Brisbane // Heat 3 ,2024-11-20,20:00,Good Things Festival,"448 Epsom Rd, Flemington VIC 3031, Australia",https://www.facebook.com/events/3778023275784779/,Wednesday 20 November 2024 at 20:00 AEDT
Open Mic @ BAR OUSSOU! ,2024-11-20,19:30,Bar Oussou,"653 Sydney Rd, Brunswick VIC 3056, Australia",https://www.facebook.com/events/844277771021573/?event_time_id=844277801021570,Wednesday 20 November 2024 from 19:30-23:30
PLAY: Frequency,2024-11-20,19:00,Arts Centre Melbourne,"100 St Kilda Rd, Southbank VIC 3004, Australia",https://www.facebook.com/events/3779665475622037/,Wednesday 20 November 2024 from 19:00-21:00
OPEN MIC,2024-11-20,19:00,Mamma Chen's,"42A Albert St, Footscray VIC 3011, Australia",https://www.facebook.com/events/8182491308521964/,Wednesday 20 November 2024 from 19:00-22:00
"Matt Maltese with Sophie May | Northcote Theatre, Melbourne (All Ages)",2024-11-20,19:00,Northcote Theatre,"216 High St, Northcote VIC 3070, Australia",https://www.facebook.com/events/1889348971511906/,Wednesday 20 November 2024 at 19:00
Musicland Community Choir in Bebe's Bar @ MUSICLAND,2024-11-20,19:00,Musicland Melbourne,"1359 Sydney Rd, Fawkner VIC 3060, Australia",https://www.facebook.com/events/392049400005701/?event_time_id=392049470005694,Wednesday 20 November 2024 from 19:00-20:30
Musicland Community Choir in Bebe's Bar @ MUSICLAND,2024-11-20,19:00,Musicland Melbourne,"1359 Sydney Rd, Fawkner VIC 3060, Australia",https://www.facebook.com/events/392049400005701/,Wednesday 20 November 2024 from 19:00-20:30
Marooned,2024-11-20,19:30,Alex Theatre St Kilda,"1/135 Fitzroy St, St Kilda VIC 3182, Australia",https://www.facebook.com/events/893615186063679/,Wednesday 20 November 2024 from 19:30-21:30
Ensemble Liaison with Eleanor Lyons,2024-11-20,19:00,Melbourne Recital Centre,"31 Sturt St, Southbank VIC 3006, Australia",https://www.facebook.com/events/534071479163722/,Wednesday 20 November 2024 at 19:00
Alex & Tash Vargas - The Boite's Open Studio Farewell Party,2024-11-20,19:30,Open Studio,"204 High St, Northcote VIC 3070, Australia",https://www.facebook.com/events/1252551976055217/,Wednesday 20 November 2024 at 19:30
The Jazz Alchemists,2024-11-20,18:00,Bird's Basement,"11 Singers Ln, Melbourne VIC 3000, Australia",https://www.facebook.com/events/3797453783803618/,Wednesday 20 November 2024 at 18:00
"‚úø Nice Biscuit ‚úø ùë∫ùë∂ùë∫ ùë®ùíçùíÉùíñùíé ùëªùíêùíñùíì ‚úø @ Last Chance, Naarm (Melbourne) ft. GREAT SAGE",2024-11-21,17:30,The Last Chance,"238 Victoria St, Melbourne VIC 3000, Australia",https://www.facebook.com/events/1456711281686077/,Thursday 21 November 2024 from 17:30-20:30
Flow Motion ~ Late Night Jams,2024-11-21,19:00,Kindred Bandroom,"3 Harris St, Footscray VIC 3011, Australia",https://www.facebook.com/events/563195056256962/,Thursday 21 November 2024 at 19:00
Nicky Del Rey‚Äôs Misadventures at The Merri Creek Tavern with special guest Alison Ferrier.,2024-11-21,20:30,The Merri Creek Tavern,"111 High St, Northcote VIC 3070, Australia",https://www.facebook.com/events/1777903779665180/,Thursday 21 November 2024 from 20:30-23:00
Theatre of Unapologetic Sparkles - Deluxe Edition,2024-11-21,19:00,Mamma Chen's,"42A Albert St, Footscray VIC 3011, Australia",https://www.facebook.com/events/1113172446902255/,Thursday 21 November 2024 from 19:00-22:00
Blondie Lee + Women's DJ Workshop Afterparty | onesixone Thursdays ,2024-11-21,20:30,onesixone,"161 High St, Prahran VIC 3181, Australia",https://www.facebook.com/events/570634458793285/,Thursday 21 November 2024 from 20:30-06:00
Nikodimos & The Free Speakers // Thursday Arvo Gig Series,2024-11-21,13:00,Kindred Bandroom,"3 Harris St, Footscray VIC 3011, Australia",https://www.facebook.com/events/1223344025549294/,Thursday 21 November 2024 at 13:00
"(Thu, Nov 21) MARK STEINER & HIS PROBLEMS + KIM VOLKMAN (Solo)",2024-11-21,19:00,George Lane St Kilda,"1 George Ln, St Kilda VIC 3182, Australia",https://www.facebook.com/events/826803542948082/,Thursday 21 November 2024 from 19:00-22:45
ALZZY ‚ÄòLosing It‚Äô Single Launch ,2024-11-21,19:00,The Workers Club,"51 Brunswick St, Fitzroy VIC 3065, Australia",https://www.facebook.com/events/846505584226220/,Thursday 21 November 2024 at 19:00
Under Streetlights; Meet the Filmmaker,2024-11-21,18:30,Cinema Nova,"380 Lygon St, Carlton VIC 3053, Australia",https://www.facebook.com/events/1251554422816183/,Thursday 21 November 2024 at 18:30
Hip Hop Night @ BAR OUSSOU! ,2024-11-21,20:00,Bar Oussou,"653 Sydney Rd, Brunswick VIC 3056, Australia",https://www.facebook.com/events/534844986018118/,Thursday 21 November 2024 at 20:00
Wicked Wednesday | Girl's Night Out Premiere Event,2024-11-21,18:00,HOYTS Northland,"50 Murray Rd, Preston VIC 3072, Australia",https://www.facebook.com/events/1933170367108600/,Thursday 21 November 2024 at 18:00
La Musique,2024-11-21,18:00,Bird's Basement,"11 Singers Ln, Melbourne VIC 3000, Australia",https://www.facebook.com/events/516915380919570/,Thursday 21 November 2024 at 18:00
"HOODOO GURUS | The Forum, Melbourne",2024-11-21,19:00,Forum Melbourne,"154 Flinders St, Melbourne VIC 3000, Australia",https://www.facebook.com/events/240995322431673/,Thursday 21 November 2024 at 19:00
Music Industry Masterclasses,2024-11-21,17:30,Arts Centre Melbourne,"100 St Kilda Rd, Southbank VIC 3004, Australia",https://www.facebook.com/events/1087185909691656/,Thursday 21 November 2024 from 17:30-20:00
"GUERNS THURS - $4 Pots, Seltzers $6 Vodkas",2024-11-21,21:30,New Guernica,"64 Smith St, Collingwood VIC 3066, Australia",https://www.facebook.com/events/1458015584895583/,Thursday 21 November 2024 from 21:30-04:00
Spirit HAPPY HOUR + Spin to WIN!,2024-11-21,19:00,Inkerman Hotel,"375 Inkerman St, St Kilda East VIC 3183, Australia",https://www.facebook.com/events/508452218649178/,Thursday 21 November 2024 from 19:00-22:00
Paul Buchanan‚Äôs Voodoo Preachers & Thursday Night Jam!,2024-11-21,19:00,Hume Blues Club Inc,"27 Ballantyne St, Thornbury VIC 3071, Australia",https://www.facebook.com/events/1584845122244864/,Thursday 21 November 2024 from 19:00-22:30
'The Pleasures' - Catherine Britt & Lachlan Bryan | The Ember Lounge,2024-11-21,19:00,MEMO Music Hall,"88 Acland St, St Kilda VIC 3182, Australia",https://www.facebook.com/events/546633834402352/,Thursday 21 November 2024 at 19:00
Marooned,2024-11-21,19:30,Alex Theatre St Kilda,"1/135 Fitzroy St, St Kilda VIC 3182, Australia",https://www.facebook.com/events/1325065475146520/,Thursday 21 November 2024 from 19:30-21:30
"JessB 'Feels Like Home' Album Launch @ Wax Music Lounge, Melbourne",2024-11-21,20:00,Wax Music Lounge,"250 Flinders St, Melbourne VIC 3000, Australia",https://www.facebook.com/events/1051914586433584/,Thursday 21 November 2024 at 20:00
THE BURES BAND W/ ZELKOVA + THE PATERSONS (NORTHCOTE SOCIAL) MELB ,2024-11-21,19:00,Northcote Social Club,"301 High St, Northcote VIC 3070, Australia",https://www.facebook.com/events/487871810898546/,Thursday 21 November 2024 at 19:00
Tarab Ensemble | Brunswick Ballroom,2024-11-21,18:30,Brunswick Ballroom,"314 Sydney Rd, Brunswick VIC 3056, Australia",https://www.facebook.com/events/456195580831669/,Thursday 21 November 2024 at 18:30
Fight Night | Fortress x CouchWarriors ,2024-11-21,18:00,Fortress Melbourne,"Shop 25/23 Caledonian Ln, Melbourne VIC 3000, Australia",https://www.facebook.com/events/1014315667116008/?event_time_id=1014315677116007,Thursday 21 November 2024 from 18:00-22:00
A Cinematic Tribute To Ollie Olsen,2024-11-21,18:00,Thornbury Picture House,"802 High St, Thornbury VIC 3071, Australia",https://www.facebook.com/events/1068849061085504/,Thursday 21 November 2024 from 18:00-22:30
Fight Night | Fortress x CouchWarriors ,2024-11-21,18:00,Fortress Melbourne,"Shop 25/23 Caledonian Ln, Melbourne VIC 3000, Australia",https://www.facebook.com/events/1014315667116008/,Thursday 21 November 2024 from 18:00-22:00
Clairaudience ‚ÄúMagritte‚Äù single and video launch. ,2024-11-21,19:30,Bergy Bandroom,"64 Sydney Rd, Brunswick VIC 3056, Australia",https://www.facebook.com/events/3138469409623066/,Thursday 21 November 2024 at 19:30
Dynasty,2024-11-21,19:30,Bad Decisions Bar,"46 Johnston St, Fitzroy VIC 3065, Australia",https://www.facebook.com/events/2652511218269840/,Thursday 21 November 2024 from 19:30-23:30
Velvet Bloom Single Launch ,2024-11-21,19:00,Shotkickers,"744 High St, Thornbury VIC 3071, Australia",https://www.facebook.com/events/2893764624107893/,Thursday 21 November 2024 at 19:00
DUETS: Peggy Lee and Frank Sinatra ,2024-11-21,20:00,Paris Cat Jazz Club,"6 Goldie Pl, Melbourne VIC 3000, Australia",https://www.facebook.com/events/1994901607592827/,Thursday 21 November 2024 at 20:00
Trivia Night @ Oakleigh Carnegie RSL,2024-11-21,19:00,Oakleigh Carnegie RSL,"95/97 Drummond St, Oakleigh VIC 3166, Australia",https://www.facebook.com/events/1228228591611769/,Thursday 21 November 2024 at 19:00
BAND COMPETITION - Good Things Festival Band Comp // Melbourne // Heat 3,2024-11-21,19:00,Stay Gold,"133 Sydney Rd, Brunswick VIC 3056, Australia",https://www.facebook.com/events/445150621938179/,Thursday 21 November 2024 at 19:00
"(Fri, Nov 22) 8 BALL AITKEN",2024-11-22,19:00,George Lane St Kilda,"1 George Ln, St Kilda VIC 3182, Australia",https://www.facebook.com/events/3861652107494723/,Friday 22 November 2024 from 19:00-22:45
DEBUT SINGLE TOUR  // NEO SKY MUSIC - Neil Jnr / Rudy Matoy / Broden Tyrrell,2024-11-22,20:30,Bar Open,"317 Brunswick St, Fitzroy VIC 3065, Australia",https://www.facebook.com/events/545711728170639/,Friday 22 November 2024 at 20:30
Social Pickleball ,2024-11-22,09:00,Keilor Basketball Netball Stadium,"Stadium Dr, Keilor Park VIC 3042, Australia",https://www.facebook.com/events/408883291671962/,Friday 22 November 2024 from 09:00-12:00
Social Pickleball ,2024-11-22,09:00,Keilor Basketball Netball Stadium,"Stadium Dr, Keilor Park VIC 3042, Australia",https://www.facebook.com/events/408883291671962/?event_time_id=408886945004930,Friday 22 November 2024 from 09:00-12:00
Oceans May Appear and The Snake Preachers,2024-11-22,19:30,One2three Bar,"123 Queens Parade, Clifton Hill VIC 3068, Australia",https://www.facebook.com/events/4016709928615784/,Friday 22 November 2024 at 19:30
Yacht Rock Revival @L13G,2024-11-22,20:00,Lucky 13 Garage,"8 Cochranes Rd, Moorabbin VIC 3189, Australia",https://www.facebook.com/events/414061355123188/,Friday 22 November 2024 at 20:00
Lawless | onesixone,2024-11-22,21:00,onesixone,"161 High St, Prahran VIC 3181, Australia",https://www.facebook.com/events/1099995071776389/,Friday 22 November 2024 at 21:00
YO CiTY ‚Äì Cool Out Sun,2024-11-22,19:00,Melbourne Recital Centre,"31 Sturt St, Southbank VIC 3006, Australia",https://www.facebook.com/events/1838346820000180/,Friday 22 November 2024 at 19:00
Machang - A Sri Lankan Event,2024-11-22,22:00,Khokolat Bar,"43 Hardware Ln, Melbourne VIC 3000, Australia",https://www.facebook.com/events/1988937711551514/,Friday 22 November 2024 from 22:00-03:00
19-Twenty | Brunswick Ballroom,2024-11-22,18:30,Brunswick Ballroom,"314 Sydney Rd, Brunswick VIC 3056, Australia",https://www.facebook.com/events/1452300762064106/,Friday 22 November 2024 at 18:30
Dine with a Psychic,2024-11-22,18:30,Customs House Hotel Williamstown,"161 Nelson Pl, Williamstown VIC 3016, Australia",https://www.facebook.com/events/1097989498642744/,Friday 22 November 2024 at 18:30
TIGER - 'DIAMOND RING' SINGLE LAUNCH,2024-11-22,19:30,Bad Decisions Bar,"46 Johnston St, Fitzroy VIC 3065, Australia",https://www.facebook.com/events/530980149696678/,Friday 22 November 2024 from 19:30-23:30
"Spirit - Music, Sound, Soul",2024-11-22,18:00,Bird's Basement,"11 Singers Ln, Melbourne VIC 3000, Australia",https://www.facebook.com/events/850064553454735/,Friday 22 November 2024 at 18:00
Hoodoo Gurus Back To The Stoneage,2024-11-22,19:30,Palais Theatre,"Lower Esplanade, St Kilda VIC 3182, Australia",https://www.facebook.com/events/834839758485521/,Friday 22 November 2024 at 19:30
FREE TECHNO - The Melbourne TECHNO Collective turns 22,2024-11-22,22:00,New Guernica,"64 Smith St, Collingwood VIC 3066, Australia",https://www.facebook.com/events/525770033542364/,Friday 22 November 2024 from 22:00-04:00
Stripping in the Name Of - Live Punk & Burlesque at Stay Gold Melbourne,2024-11-22,19:00,Stay Gold,"133 Sydney Rd, Brunswick VIC 3056, Australia",https://www.facebook.com/events/8218675538253504/,Friday 22 November 2024 at 19:00
INTERMOOD 'Hypnagogic' Single Launch @ The Curtin,2024-11-22,20:00,THE CURTIN (John Curtin hotel),"29 Lygon St, Carlton VIC 3053, Australia",https://www.facebook.com/events/1285576242436077/,Friday 22 November 2024 from 20:00-00:00
"Le Shiv - (un)adored EP tour, Melbourne",2024-11-22,19:00,The Workers Club,"51 Brunswick St, Fitzroy VIC 3065, Australia",https://www.facebook.com/events/921911769817339/,Friday 22 November 2024 at 19:00
"(SOLD OUT) Lindsay FIELD, Sam SEE & Glyn MASON with Special Guest Angus Burchall",2024-11-22,18:30,arcobar heatherton,"8 Arco Ln, Heatherton VIC 3202, Australia",https://www.facebook.com/events/1091429579038832/,Friday 22 November 2024 from 18:30-22:00
Hiroko Yamamura (US) ‚Äî Revolver Fridays & Control,2024-11-22,22:00,Revolver Upstairs,"Level 2/229 Chapel St, Prahran VIC 3181, Australia",https://www.facebook.com/events/1612386523030761/,Friday 22 November 2024 from 22:00-07:00
SOLD OUT | NOORIYAH | NAARM/MELB | THE NIGHT CAT,2024-11-22,21:00,The Night Cat,"137-141 Johnston St, Fitzroy VIC 3065, Australia",https://www.facebook.com/events/516069597677646/,Friday 22 November 2024 at 21:00
Moaning Lisa 'fainter' Album Launch Party @ Shotkickers,2024-11-22,20:00,Shotkickers,"744 High St, Thornbury VIC 3071, Australia",https://www.facebook.com/events/432774173249653/,Friday 22 November 2024 at 20:00
"Honeysmack (live) with Chiara Kickdrum, Kiti & Hyper Binary",2024-11-22,21:00,Kindred Bandroom,"3 Harris St, Footscray VIC 3011, Australia",https://www.facebook.com/events/1829209114270294/,Friday 22 November 2024 at 21:00
No Regrets - The Edith Piaf Story (Paris Cat Jazz Club),2024-11-22,21:00,Paris Cat Jazz Club,"6 Goldie Pl, Melbourne VIC 3000, Australia",https://www.facebook.com/events/378775288604308/,Friday 22 November 2024 from 21:00-23:15
All Regards 'ALL OUR DREAMS TURN TO NIGHTMARES‚Äô EP LAUNCH,2024-11-22,20:00,Bergy Bandroom,"64 Sydney Rd, Brunswick VIC 3056, Australia",https://www.facebook.com/events/1486200485383577/,Friday 22 November 2024 from 20:00-23:30
Adam Hattaway - Melbourne/Naarm w/ AC SAUNDERS,2024-11-22,20:00,The Merri Creek Tavern,"111 High St, Northcote VIC 3070, Australia",https://www.facebook.com/events/501006869423702/,Friday 22 November 2024 at 20:00
Come to Brazil (Melbourne),2024-11-22,18:30,Paris Cat Jazz Club,"6 Goldie Pl, Melbourne VIC 3000, Australia",https://www.facebook.com/events/1529191224639664/,Friday 22 November 2024 from 18:30-20:15
MUST Wrap Party 2024!,2024-11-22,19:00,Monash Uni Student Theatre,"Campus Centre, Monash University, 21 Chancellors Walk, Clayton VIC 3168, Australia",https://www.facebook.com/events/1237988580788608/,Friday 22 November 2024 from 19:00-23:45
Sarah Carso Trio - Farewell to Open Studio,2024-11-22,18:30,Open Studio,"204 High St, Northcote VIC 3070, Australia",https://www.facebook.com/events/1065043888440589/,Friday 22 November 2024 from 18:30-20:15
"8 FOOT FELIX - FAREWELL TO OPEN STUDIO, LAST BLAST GIG! ",2024-11-22,21:30,Open Studio,"204 High St, Northcote VIC 3070, Australia",https://www.facebook.com/events/2841672659316526/,Friday 22 November 2024 from 21:30-23:30
The Golden Gaytimes and Party Pest at Gem Bar,2024-11-22,20:00,The Gem Bar and Dining,"289 Wellington St, Collingwood VIC 3066, Australia",https://www.facebook.com/events/547490364549675/,Friday 22 November 2024 at 20:00
FREQUENCY at Musicland,2024-11-22,19:00,Musicland Melbourne,"1359 Sydney Rd, Fawkner VIC 3060, Australia",https://www.facebook.com/events/8936777596355141/,Friday 22 November 2024 from 19:00-01:00
"OZONE STREET @ THE LAST CHANCE ROCK AND ROLL BAR FT. Sole Butter, The Clue",2024-11-22,08:00,The Last Chance,"238 Victoria St, Melbourne VIC 3000, Australia",https://www.facebook.com/events/535250152472596/,Friday 22 November 2024 at 08:00
Tarryn Stokes sings Celine Dion: Candlelight Series | MEMO Music Hall,2024-11-22,19:00,MEMO Music Hall,"88 Acland St, St Kilda VIC 3182, Australia",https://www.facebook.com/events/487857897258892/,Friday 22 November 2024 at 19:00
Kreol Jazz Trio,2024-11-22,20:00,Ragtime Tavern,"206 Tyler St, Preston VIC 3072, Australia",https://www.facebook.com/events/1213336856592497/,Friday 22 November 2024 at 20:00
OUTCAST BOOKINGS PRESENTS: DREAMWORM,2024-11-23,19:00,The Workers Club,"51 Brunswick St, Fitzroy VIC 3065, Australia",https://www.facebook.com/events/1212462530035754/,Saturday 23 November 2024 at 19:00
POISON FISH | ZE WISENHEIMER | RQTBL @ Bergy,2024-11-23,13:30,Bergy Bandroom,"64 Sydney Rd, Brunswick VIC 3056, Australia",https://www.facebook.com/events/1979565085847174/,Saturday 23 November 2024 from 13:30-17:00
CREEDENCE CLEARWATER SURVIVAL | Melbourne's #1 John Fogerty/CCR Dinner & Show,2024-11-23,18:30,arcobar heatherton,"8 Arco Ln, Heatherton VIC 3202, Australia",https://www.facebook.com/events/549223174096541/,Saturday 23 November 2024 from 18:30-22:00
Songs from Smyrne,2024-11-23,18:00,Bird's Basement,"11 Singers Ln, Melbourne VIC 3000, Australia",https://www.facebook.com/events/1012835533670015/,Saturday 23 November 2024 at 18:00
Techno Tangle: Connor Wall & Neo (4HR Set),2024-11-23,20:00,Wax Music Lounge,"250 Flinders St, Melbourne VIC 3000, Australia",https://www.facebook.com/events/1573918443330977/,Saturday 23 November 2024 from 20:00-02:00
INXSIVE & Reckless,2024-11-23,19:00,Musicland Melbourne,"1359 Sydney Rd, Fawkner VIC 3060, Australia",https://www.facebook.com/events/874842270858419/,Saturday 23 November 2024 from 19:00-01:00
"Euphoria ft. DJ JNETT, Moopie",2024-11-23,21:00,24 Moons,"2 Arthurton Rd, Northcote VIC 3070, Australia",https://www.facebook.com/events/2022872258161335/,Saturday 23 November 2024 from 21:00-04:00
Giant Pumper Bongs in the Sun Let's Boogie,2024-11-23,19:00,Mr Boogie Man Bar,"160 Hoddle St, Abbotsford VIC 3067, Australia",https://www.facebook.com/events/556783427000927/,Saturday 23 November 2024 at 19:00
Henry Wagons - 'The Four Seasons' Melbourne Album Show,2024-11-23,20:00,Northcote Social Club,"301 High St, Northcote VIC 3070, Australia",https://www.facebook.com/events/864129115822455/,Saturday 23 November 2024 at 20:00
ISMO: WOO HOO! WORLD TOUR,2024-11-23,19:00,Palais Theatre,"Lower Esplanade, St Kilda VIC 3182, Australia",https://www.facebook.com/events/3495060383971347/,Saturday 23 November 2024 at 19:00
"Louis TM | Melbourne, Australia w/ support Fulton Street, Oscar LaDell & Miss Goldie",2024-11-23,20:00,Shotkickers,"744 High St, Thornbury VIC 3071, Australia",https://www.facebook.com/events/545045521409899/,Saturday 23 November 2024 at 20:00
Odyssey 03,2024-11-23,20:00,Kindred Bandroom,"3 Harris St, Footscray VIC 3011, Australia",https://www.facebook.com/events/899927988274075/,Saturday 23 November 2024 from 20:00-02:00
Day Shift Melbourne in Max Watt's - November 23rd,2024-11-23,16:00,Max Watts,"125 Swanston St, Melbourne VIC 3000, Australia",https://www.facebook.com/events/506475645582528/,Saturday 23 November 2024 from 16:00-19:00
Salt N Pepe Comedy ,2024-11-23,19:00,Open Studio,"204 High St, Northcote VIC 3070, Australia",https://www.facebook.com/events/1776467369791395/,Saturday 23 November 2024 at 19:00
The Connection Revue @ The Last Chance Rock n Roll Bar with BANJZIG and Someone Else's Wedding Band.,2024-11-23,02:30,The Last Chance,"238 Victoria St, Melbourne VIC 3000, Australia",https://www.facebook.com/events/3711474589069260/,Saturday 23 November 2024 at 02:30
ISMO - MELBOURNE,2024-11-23,19:00,Palais Theatre,"Lower Esplanade, St Kilda VIC 3182, Australia",https://www.facebook.com/events/8052579031523112/,Saturday 23 November 2024 at 19:00
Springsteen. Mellencamp & Petty Tribute,2024-11-23,20:00,Lucky 13 Garage,"8 Cochranes Rd, Moorabbin VIC 3189, Australia",https://www.facebook.com/events/1724972614991249/,Saturday 23 November 2024 at 20:00
Growing & Cooking with Bushfoods,2024-11-23,10:00,CERES Environment Park,"Stewart St & Roberts St East, Brunswick VIC 3056, Australia",https://www.facebook.com/events/446089195174857/,Saturday 23 November 2024 from 10:00-15:00
Eat The Beat : Elevate ft. Sammy La Marca,2024-11-23,21:00,New Guernica,"64 Smith St, Collingwood VIC 3066, Australia",https://www.facebook.com/events/1290645119041501/,Saturday 23 November 2024 from 21:00-04:00
Troy Cassar-Daley | MEMO Music Hall,2024-11-23,19:00,MEMO Music Hall,"88 Acland St, St Kilda VIC 3182, Australia",https://www.facebook.com/events/7108003215962455/,Saturday 23 November 2024 at 19:00
FREQUES X LAUNDRY BAR ,2024-11-23,21:00,Laundry Bar,"50 Johnston St, Fitzroy VIC 3065, Australia",https://www.facebook.com/events/1053837976233821/,Saturday 23 November 2024 from 21:00-03:00
Where the ground is thickly shaded,2024-11-23,19:30,Merri-Bek City Band,"16-22 Cross St, Brunswick East VIC 3057, Australia",https://www.facebook.com/events/761814232576083/,Saturday 23 November 2024 at 19:30
LULIEPALOOZA 2024!,2024-11-23,12:00,Lulie Tavern,"225 Johnston St, Abbotsford VIC 3067, Australia",https://www.facebook.com/events/498119206131949/,Saturday 23 November 2024 from 12:00-23:00
The Mat Jodrell Quartet,2024-11-23,19:30,Uptown Jazz Cafe,"1/177 Brunswick St, Fitzroy VIC 3065, Australia",https://www.facebook.com/events/2035961870190653/,Saturday 23 November 2024 at 19:30
Andrew De Silva Live in the Glasshouse,2024-11-23,16:00,Transport Hotel,"Transport Hotel, Ground Level Federation Square, Melbourne VIC 3000, Australia",https://www.facebook.com/events/3886795754932701/,Saturday 23 November 2024 from 16:00-19:00
Michael Stangel (Charming Sons) Live in the Glasshouse,2024-11-23,20:00,Transport Hotel,"Transport Hotel, Ground Level Federation Square, Melbourne VIC 3000, Australia",https://www.facebook.com/events/888102926308667/,Saturday 23 November 2024 from 20:00-23:00
James Lockwood And His Beboppers At Ragtime Tavern,2024-11-23,20:00,Ragtime Tavern,"206 Tyler St, Preston VIC 3072, Australia",https://www.facebook.com/events/904964571545051/,Saturday 23 November 2024 from 20:00-23:00
A Norah Jones Tribute (Melbourne),2024-11-23,18:00,Paris Cat Jazz Club,"6 Goldie Pl, Melbourne VIC 3000, Australia",https://www.facebook.com/events/959803266009028/,Saturday 23 November 2024 at 18:00
Dux Nuts @ Oakleigh Music Hall,2024-11-23,20:30,Oakleigh Carnegie RSL,"95/97 Drummond St, Oakleigh VIC 3166, Australia",https://www.facebook.com/events/538941385362932/,Saturday 23 November 2024 at 20:30
Xavier Rudd 'Live At The Gardens' with Emily Wurramara and Calypso Cora (*All Ages),2024-11-23,17:00,Botanic gardens,"Birdwood Ave Melbourne VIC 3004, Australia",https://www.facebook.com/events/348369731338520/,Saturday 23 November 2024 from 17:00-22:00
Marooned,2024-11-23,19:30,Alex Theatre St Kilda,"1/135 Fitzroy St, St Kilda VIC 3182, Australia",https://www.facebook.com/events/1209699066999966/,Saturday 23 November 2024 from 19:30-21:30
THE SOUTH EAST GENTS,2024-11-24,14:00,Way Out West Roots Music Club,"4 Market St, Newport VIC 3015, Australia",https://www.facebook.com/events/1991583284610651/,Sunday 24 November 2024 at 14:00
Beers & Tears Live: In The Moment ,2024-11-24,13:00,The Workers Club,"51 Brunswick St, Fitzroy VIC 3065, Australia",https://www.facebook.com/events/928097842469188/,Sunday 24 November 2024 at 13:00
Domingo Latino - Calle Luna,2024-11-24,18:45,The Night Cat,"137-141 Johnston St, Fitzroy VIC 3065, Australia",https://www.facebook.com/events/1551672055468935/,Sunday 24 November 2024 at 18:45
The Carts Launch 'Live In Person' LIVE!,2024-11-24,14:00,Brunswick Ballroom,"314 Sydney Rd, Brunswick VIC 3056, Australia",https://www.facebook.com/events/1601829317108316/,Sunday 24 November 2024 at 14:00
Stars | MEMO Music Hall,2024-11-24,15:00,MEMO Music Hall,"88 Acland St, St Kilda VIC 3182, Australia",https://www.facebook.com/events/977289144031897/,Sunday 24 November 2024 at 15:00
ALWAYS LIVE:   The Offspring // Melbourne // Light It Up // Forum // 18+,2024-11-24,19:00,Forum Melbourne,"154 Flinders St, Melbourne VIC 3000, Australia",https://www.facebook.com/events/4137222099838082/,Sunday 24 November 2024 at 19:00
Luliepalooza Coming Down Party - Elly McK & The Unbelievers w/ Shelly's Motor Club,2024-11-24,16:00,Lulie Tavern,"225 Johnston St, Abbotsford VIC 3067, Australia",https://www.facebook.com/events/915140814056654/,Sunday 24 November 2024 at 16:00
Chelsea Donoghue Trio Live in the Glasshouse,2024-11-24,16:00,Transport Hotel,"Transport Hotel, Ground Level Federation Square, Melbourne VIC 3000, Australia",https://www.facebook.com/events/1319228942377201/,Sunday 24 November 2024 from 16:00-19:00
That Changes MUSIC at CERES,2024-11-24,10:30,CERES Environment Park,"Stewart St & Roberts St East, Brunswick VIC 3056, Australia",https://www.facebook.com/events/1075618307251482/,Sunday 24 November 2024 from 10:30-12:30
SUNDAY COMEDOWN,2024-11-24,19:30,Bad Decisions Bar,"46 Johnston St, Fitzroy VIC 3065, Australia",https://www.facebook.com/events/923557859657844/,Sunday 24 November 2024 at 19:30
Meganesia,2024-11-24,18:00,THE CURTIN (John Curtin hotel),"29 Lygon St, Carlton VIC 3053, Australia",https://www.facebook.com/events/1075553590738732/,Sunday 24 November 2024 at 18:00
"(Sun, Nov 24) PAULO ALMEIDA (Single Launch)",2024-11-24,14:30,George Lane St Kilda,"1 George Ln, St Kilda VIC 3182, Australia",https://www.facebook.com/events/8770678996288770/,Sunday 24 November 2024 from 14:30-18:30
Beginners Backyard Beekeeping,2024-11-24,10:00,CERES Environment Park,"Stewart St & Roberts St East, Brunswick VIC 3056, Australia",https://www.facebook.com/events/1340133637393161/,Sunday 24 November 2024 from 10:00-15:00
Dean & Carruthers - Revival Sunday Sessions,2024-11-24,15:30,The Precinct Hotel,"60 Swan St, Cremorne VIC 3121, Australia",https://www.facebook.com/events/1311902616639553/,Sunday 24 November 2024 from 15:30-21:00
Sabrina | Matinee Memories at Balwyn,2024-11-24,13:00,Palace Cinemas,"1 Champ St, Coburg VIC 3058, Australia",https://www.facebook.com/events/374358145624330/,Sunday 24 November 2024 at 13:00
Finn Alexander and the Forever Party (WA) - A Night of Music and Conversation - w/ the Rayes,2024-11-24,17:00,The Merri Creek Tavern,"111 High St, Northcote VIC 3070, Australia",https://www.facebook.com/events/571592035338817/,Sunday 24 November 2024 at 17:00
ROLES - EP LAUNCH with GREAT AUSTRALIAN BANK ,2024-11-24,16:00,The Old Bar,"74-76 Johnston St, Fitzroy VIC 3065, Australia",https://www.facebook.com/events/1121957432889619/,Sunday 24 November 2024 at 16:00
Lewis Coleman ~ The Tav Residency with Leah Senior ,2024-11-25,19:00,The Merri Creek Tavern,"111 High St, Northcote VIC 3070, Australia",https://www.facebook.com/events/1061906149002612/,Monday 25 November 2024 from 19:00-22:00
"‚ÄòSocial Sanctuary‚Äô with blue diner., Blue Vedder + Edvard Mac",2024-11-25,19:00,Northcote Social Club,"301 High St, Northcote VIC 3070, Australia",https://www.facebook.com/events/400486792933020/,Monday 25 November 2024 at 19:00
St. Vincent - All Born Screaming Tour,2024-11-25,19:00,Palais Theatre,"Lower Esplanade, St Kilda VIC 3182, Australia",https://www.facebook.com/events/445052391864186/,Monday 25 November 2024 at 19:00
"(SOLD OUT) FAULTY TOWERS | The Genuine, Award Winning Dining Experience (Selling Fast!)",2024-11-26,19:00,arcobar heatherton,"8 Arco Ln, Heatherton VIC 3202, Australia",https://www.facebook.com/events/1217706735899696/,Tuesday 26 November 2024 at 19:00
Giant: Movie Epic,2024-11-26,19:00,Cinema Nova,"380 Lygon St, Carlton VIC 3053, Australia",https://www.facebook.com/events/1094843029031694/,Tuesday 26 November 2024 at 19:00
Noakesy | Bar 303,2024-11-26,19:30,Bar 303,"303 High St, Northcote VIC 3070, Australia",https://www.facebook.com/events/541824888485500/,Tuesday 26 November 2024 at 19:30
John Bishop - Melbourne,2024-11-26,19:30,Juke's Karaoke Crown Melbourne,"Level 1 Metropol precinct, Crown Melbourne, 8 Whiteman St, Southbank VIC 3006, Australia",https://www.facebook.com/events/1127633918544811/,Tuesday 26 November 2024 at 19:30
Cinetrivia - November,2024-11-26,19:00,Cinema Nova,"380 Lygon St, Carlton VIC 3053, Australia",https://www.facebook.com/events/883670307202959/,Tuesday 26 November 2024 at 19:00
PIPES // Wednesdays in Nov at Shotkickers,2024-11-27,20:00,Shotkickers,"744 High St, Thornbury VIC 3071, Australia",https://www.facebook.com/events/851349990511078/,Wednesday 27 November 2024 at 20:00
Comedy House presents Geraldine Hickey at Altona Sports Club,2024-11-27,20:00,Altona Sports Club,"11 Altona Rd, Altona VIC 3018, Australia",https://www.facebook.com/events/1322440642462023/,Wednesday 27 November 2024 at 20:00
"St. Vincent at The Forum, Melbourne (18+)",2024-11-27,19:00,Forum Melbourne,"154 Flinders St, Melbourne VIC 3000, Australia",https://www.facebook.com/events/3442008686100152/,Wednesday 27 November 2024 at 19:00
Blues Music Victoria Hall of Fame 2024 | MEMO Music Hall,2024-11-27,19:00,MEMO Music Hall,"88 Acland St, St Kilda VIC 3182, Australia",https://www.facebook.com/events/1091930025876651/,Wednesday 27 November 2024 at 19:00
New legs Jazz Night,2024-11-27,20:00,Ragtime Tavern,"206 Tyler St, Preston VIC 3072, Australia",https://www.facebook.com/events/495160123392132/,Wednesday 27 November 2024 from 20:00-23:00
"(Wed, Nov 27) SHANI WEISS (Single Launch)",2024-11-27,19:00,George Lane St Kilda,"1 George Ln, St Kilda VIC 3182, Australia",https://www.facebook.com/events/1227125368493199/,Wednesday 27 November 2024 from 19:00-22:30
The Harmonix Experience,2024-11-27,18:00,Bird's Basement,"11 Singers Ln, Melbourne VIC 3000, Australia",https://www.facebook.com/events/1753273782169213/,Wednesday 27 November 2024 at 18:00
Persepolis | Page to Screen,2024-11-27,18:30,Palace Cinemas,"1 Champ St, Coburg VIC 3058, Australia",https://www.facebook.com/events/439338735510597/,Wednesday 27 November 2024 at 18:30
WAAX | Home for the Holidays Tour,2024-11-28,20:00,The Night Cat,"137-141 Johnston St, Fitzroy VIC 3065, Australia",https://www.facebook.com/events/1524794968176362/,Thursday 28 November 2024 at 20:00
Nathan Carter live at Northcote Theatre,2024-11-28,19:00,Northcote Theatre,"216 High St, Northcote VIC 3070, Australia",https://www.facebook.com/events/788757323422995/,Thursday 28 November 2024 at 19:00
Bob Mould // Melbourne // Solo Electric // Forum // 18+,2024-11-28,19:00,Forum Melbourne,"154 Flinders St, Melbourne VIC 3000, Australia",https://www.facebook.com/events/932319155286103/,Thursday 28 November 2024 at 19:00
Ivor S.K & Thursday Night Jam!,2024-11-28,19:00,Hume Blues Club Inc,"27 Ballantyne St, Thornbury VIC 3071, Australia",https://www.facebook.com/events/539498501980260/,Thursday 28 November 2024 from 19:00-22:30
Checkerboard Lounge  // Thursday Arvo Gig Series,2024-11-28,14:00,Kindred Bandroom,"3 Harris St, Footscray VIC 3011, Australia",https://www.facebook.com/events/8698942073504576/,Thursday 28 November 2024 at 14:00
The Church - The ALREADY YESTERDAY Tour,2024-11-28,20:30,Palais Theatre,"Lower Esplanade, St Kilda VIC 3182, Australia",https://www.facebook.com/events/1432624140694207/,Thursday 28 November 2024 at 20:30
Vegan Pierogi Workshop,2024-11-28,18:00,CERES Environment Park,"Stewart St & Roberts St East, Brunswick VIC 3056, Australia",https://www.facebook.com/events/2987264611429673/,Thursday 28 November 2024 from 18:00-20:30
"(Thu, Nov 28) CATH RUTTEN & THE OBVIOUS CHOICE",2024-11-28,19:00,George Lane St Kilda,"1 George Ln, St Kilda VIC 3182, Australia",https://www.facebook.com/events/1592914351631326/,Thursday 28 November 2024 from 19:00-22:45
Mucho Mambo,2024-11-28,18:00,Bird's Basement,"11 Singers Ln, Melbourne VIC 3000, Australia",https://www.facebook.com/events/1168586557588983/,Thursday 28 November 2024 at 18:00
Cass Aware Make Bad Decisions,2024-11-28,19:00,Bad Decisions Bar,"46 Johnston St, Fitzroy VIC 3065, Australia",https://www.facebook.com/events/536600069291306/,Thursday 28 November 2024 from 19:00-23:00
"God's A Different Sword Single Tour - Howler, Melbourne (NEW SHOW)",2024-11-28,19:30,Howler,"7-11 Dawson St, Brunswick VIC 3056, Australia",https://www.facebook.com/events/1046346677134164/,Thursday 28 November 2024 at 19:30
"GUERNS THURS - $4 Pots, Seltzers $6 Vodkas",2024-11-28,21:30,New Guernica,"64 Smith St, Collingwood VIC 3066, Australia",https://www.facebook.com/events/1045472267350812/,Thursday 28 November 2024 from 21:30-04:00
Tim Light + Cancelled Collective | onesixone Thursdays ,2024-11-28,22:00,onesixone,"161 High St, Prahran VIC 3181, Australia",https://www.facebook.com/events/1221284035759546/,Thursday 28 November 2024 from 22:00-06:00
SHENAY back @ WORKERS,2024-11-28,19:00,The Workers Club,"51 Brunswick St, Fitzroy VIC 3065, Australia",https://www.facebook.com/events/1110865717299277/,Thursday 28 November 2024 at 19:00
"RADIUM DOLLS | MAN SCOUT SINGLE TOUR, The Curtin, Melbourne",2024-11-29,21:00,THE CURTIN (John Curtin hotel),"29 Lygon St, Carlton VIC 3053, Australia",https://www.facebook.com/events/1580879152527241/,Friday 29 November 2024 at 21:00
Hugh Stuckey Trio,2024-11-29,19:30,Uptown Jazz Cafe,"1/177 Brunswick St, Fitzroy VIC 3065, Australia",https://www.facebook.com/events/528515086675002/,Friday 29 November 2024 at 19:30
Fotis Vergopoulos | Brunswick Ballroom,2024-11-29,18:30,Brunswick Ballroom,"314 Sydney Rd, Brunswick VIC 3056, Australia",https://www.facebook.com/events/964204142414565/,Friday 29 November 2024 at 18:30
THE PENNY BLACK PRESENTS...A CHRISTMAS MASH UP,2024-11-29,19:00,The Penny Black,"420 Sydney Rd, Brunswick VIC 3056, Australia",https://www.facebook.com/events/890233243059084/,Friday 29 November 2024 at 19:00
Tora Live in Melbourne @ 170 Russell,2024-11-29,19:00,170 Russell,"170 Russell St, Melbourne VIC 3000, Australia",https://www.facebook.com/events/549701127413257/,Friday 29 November 2024 at 19:00
BLOOD DIAMOND MELBOURNE LAUNCH,2024-11-29,21:00,Laundry Bar,"50 Johnston St, Fitzroy VIC 3065, Australia",https://www.facebook.com/events/1069021031291019/,Friday 29 November 2024 from 21:00-01:30
3:30 Pick Up and Yard Duty at Lucky 13,2024-11-29,20:00,Lucky 13 Garage,"8 Cochranes Rd, Moorabbin VIC 3189, Australia",https://www.facebook.com/events/1575805869716619/,Friday 29 November 2024 at 20:00
THE REGROWTH TOUR - NAARM,2024-11-29,20:00,Laundry Bar,"50 Johnston St, Fitzroy VIC 3065, Australia",https://www.facebook.com/events/1559493408003884/,Friday 29 November 2024 at 20:00
"AMPHI & Friends // with Interimm (Live), Bex and Mo",2024-11-29,20:00,Wax Music Lounge,"250 Flinders St, Melbourne VIC 3000, Australia",https://www.facebook.com/events/519102081100164/,Friday 29 November 2024 from 20:00-01:00
The LINDA RONSTADT Show | Featuring Lisa Mio & The Wild Dreamers,2024-11-29,18:30,arcobar heatherton,"8 Arco Ln, Heatherton VIC 3202, Australia",https://www.facebook.com/events/1868337756994118/,Friday 29 November 2024 from 18:30-22:00
Beaufort Beats x Revolver Fridays,2024-11-29,22:00,Revolver Upstairs,"Level 2/229 Chapel St, Prahran VIC 3181, Australia",https://www.facebook.com/events/1663607770865411/,Friday 29 November 2024 from 22:00-07:00
Sniffer Dog / Eagle vs Drone joint Album Launch,2024-11-29,20:00,Bar 303,"303 High St, Northcote VIC 3070, Australia",https://www.facebook.com/events/408121785680711/,Friday 29 November 2024 from 20:00-02:00
Bakushi: Shibari evening with Yagami Ren,2024-11-29,19:00,Second Story,"222A Johnston St, Collingwood VIC 3066, Australia",https://www.facebook.com/events/8809337909126669/,Friday 29 November 2024 at 19:00
THE RIONS - MELBOURNE - NORTHCOTE THEATRE - HAPPINESS IN PLACES TOUR [LIC/AA],2024-11-29,19:00,Northcote Theatre,"216 High St, Northcote VIC 3070, Australia",https://www.facebook.com/events/461985866827664/,Friday 29 November 2024 at 19:00
"The Idea of North: Live, actually | Melbourne",2024-11-29,19:30,The Thornbury Theatre,"859 High St, Thornbury VIC 3071, Australia",https://www.facebook.com/events/997685448516863/,Friday 29 November 2024 at 19:30
Milo Eastwood with Mothafunk at Kindred Bandroom,2024-11-29,20:00,Kindred Bandroom,"3 Harris St, Footscray VIC 3011, Australia",https://www.facebook.com/events/1934297767074884/,Friday 29 November 2024 at 20:00
Cloning | Melbourne | Australian Tour 2024 | The Workers Club,2024-11-29,20:00,The Workers Club,"51 Brunswick St, Fitzroy VIC 3065, Australia",https://www.facebook.com/events/1569289953942033/,Friday 29 November 2024 at 20:00
Katchafire - Melbourne,2024-11-29,20:00,The Night Cat,"137-141 Johnston St, Fitzroy VIC 3065, Australia",https://www.facebook.com/events/387135807768962/,Friday 29 November 2024 at 20:00
"RVRB presents .VRIL live (Delsin, Dystopian, Giegling - DE)",2024-11-30,18:00,Howler,"7-11 Dawson St, Brunswick VIC 3056, Australia",https://www.facebook.com/events/924051169585668/,Saturday 30 November 2024 at 18:00
Andrew Swann Jump Funk Combo Live in the Glasshouse,2024-11-30,16:00,Transport Hotel,"Transport Hotel, Ground Level Federation Square, Melbourne VIC 3000, Australia",https://www.facebook.com/events/530453529847830/,Saturday 30 November 2024 from 16:00-19:00
"La Descarga Album Launch ""Fiesta de Corazon"" w/ Agobloco and DJ Paprika",2024-11-30,13:00,Brunswick Ballroom,"314 Sydney Rd, Brunswick VIC 3056, Australia",https://www.facebook.com/events/1352705972104342/,Saturday 30 November 2024 at 13:00
ADHESION - 'UNLEADED' ALBUM LAUNCH,2024-11-30,19:00,Bad Decisions Bar,"46 Johnston St, Fitzroy VIC 3065, Australia",https://www.facebook.com/events/573894678367621/,Saturday 30 November 2024 from 19:00-00:00
The Journey | Alchemy Trance Classics feat. Binary Finary (2 Hour Classics Set),2024-11-30,20:00,24 Moons,"2 Arthurton Rd, Northcote VIC 3070, Australia",https://www.facebook.com/events/1202441690991267/,Saturday 30 November 2024 from 20:00-04:00
"HOMEBASS feat. EPUTTY, BOYDEX & LENG LEWN",2024-11-30,20:30,Bar 303,"303 High St, Northcote VIC 3070, Australia",https://www.facebook.com/events/566445886073913/,Saturday 30 November 2024 from 20:30-01:00
"CHI WOW WAH CITY - Melbourne - Viken Arman (FR), Uone, Amaru Tribe-Live + ",2024-11-30,21:00,The Night Cat,"137-141 Johnston St, Fitzroy VIC 3065, Australia",https://www.facebook.com/events/491857240259009/,Saturday 30 November 2024 from 21:00-03:00
Michael Stangel (Charming Sons) Live in the Glasshouse,2024-11-30,20:00,Transport Hotel,"Transport Hotel, Ground Level Federation Square, Melbourne VIC 3000, Australia",https://www.facebook.com/events/1063377405038517/,Saturday 30 November 2024 from 20:00-23:00
LEVELS MELBOURNE | 30.11.24 | HOSTED BY QUAVO,2024-11-30,21:30,Brown Alley,"585 Lonsdale St, Melbourne VIC 3000, Australia",https://www.facebook.com/events/1067349348269371/,Saturday 30 November 2024 from 21:30-07:00
"SLOW GRIND FEVER #107 (*9pm, *CASH ONLY*)",2024-11-30,21:00,Bar Open,"317 Brunswick St, Fitzroy VIC 3065, Australia",https://www.facebook.com/events/1117439066603008/,Saturday 30 November 2024 from 21:00-02:30
AUSX OPEN,2024-11-30,17:00,Marvel Stadium,"740 Bourke St, Docklands VIC 3008, Australia",https://www.facebook.com/events/508668991590162/,Saturday 30 November 2024 at 17:00
Mexican Cooking Workshop,2024-11-30,10:00,CERES Environment Park,"Stewart St & Roberts St East, Brunswick VIC 3056, Australia",https://www.facebook.com/events/1283682626099402/,Saturday 30 November 2024 from 10:00-15:00
Barney McAll Trio !,2024-11-30,19:35,Uptown Jazz Cafe,"1/177 Brunswick St, Fitzroy VIC 3065, Australia",https://www.facebook.com/events/1629717784557769/,Saturday 30 November 2024 at 19:35
Soul Chisel @ Oakleigh Music Hall,2024-11-30,20:30,Oakleigh Carnegie RSL,"95/97 Drummond St, Oakleigh VIC 3166, Australia",https://www.facebook.com/events/3513486142296206/,Saturday 30 November 2024 at 20:30
ELVIS by Anthony Petrucci | Christmas Special Dinner & Show,2024-11-30,18:30,arcobar heatherton,"8 Arco Ln, Heatherton VIC 3202, Australia",https://www.facebook.com/events/1957077524754581/,Saturday 30 November 2024 from 18:30-22:00
 INXSIVE live at LUCKY 13 GARAGE,2024-11-30,20:00,Lucky 13 Garage,"8 Cochranes Rd, Moorabbin VIC 3189, Australia",https://www.facebook.com/events/3469856299985636/,Saturday 30 November 2024 at 20:00
The Elvis Big Band - Christmas Spectacular!  Northcote Theatre Nov 30th,2024-11-30,19:00,Northcote Theatre,"216 High St, Northcote VIC 3070, Australia",https://www.facebook.com/events/866374311797614/,Saturday 30 November 2024 at 19:00
Heaven's Greatest Hits - Reborn,2024-11-30,19:30,Juke's Karaoke Crown Melbourne,"Level 1 Metropol precinct, Crown Melbourne, 8 Whiteman St, Southbank VIC 3006, Australia",https://www.facebook.com/events/1761622021290878/,Saturday 30 November 2024 at 19:30
Divination ft. DJ FETT BURGER [All Night Long],2024-11-30,23:00,Sub Club Melbourne,"Flinders Ct, Melbourne VIC 3000, Australia",https://www.facebook.com/events/1517811328872298/,Saturday 30 November 2024 from 23:00-05:00
Kaiit | The Toff,2024-12-01,14:00,The Toff,"2f/252 Swanston St, Melbourne VIC 3000, Australia",https://www.facebook.com/events/1551662998824848/,Sunday 1 December 2024 at 14:00
The Band Wagon | Matinee Memories at Balwyn,2024-12-01,13:00,Palace Cinemas,"1 Champ St, Coburg VIC 3058, Australia",https://www.facebook.com/events/996785678679953/,Sunday 1 December 2024 at 13:00
Mick Pealing & Nick Charles @ Oakleigh Carnegie RSL - Carnegie Room,2024-12-01,14:30,Oakleigh Carnegie RSL,"95/97 Drummond St, Oakleigh VIC 3166, Australia",https://www.facebook.com/events/544003634753497/,Sunday 1 December 2024 at 14:30
Billy Corgan // Adelaide // Good Things Festival Sideshow // Hindley Street Music Hall ,2024-12-01,19:30,Good Things Festival,"448 Epsom Rd, Flemington VIC 3031, Australia",https://www.facebook.com/events/1225869852004681/,Sunday 1 December 2024 at 19:30 AEDT
Members Kids Xmas Party,2024-12-01,12:00,Altona Sports Club,"11 Altona Rd, Altona VIC 3018, Australia",https://www.facebook.com/events/1123642109547218/,Sunday 1 December 2024 from 12:00-16:00
The Gaslight Anthem // Brisbane // Good Things Festival Sideshow // The Tivoli,2024-12-02,20:00,Good Things Festival,"448 Epsom Rd, Flemington VIC 3031, Australia",https://www.facebook.com/events/1056133036289486/,Monday 2 December 2024 at 20:00 AEDT
The Gaslight Anthem // Sydney // Good Things Festival Sideshow // Liberty Hall,2024-12-03,19:00,Good Things Festival,"448 Epsom Rd, Flemington VIC 3031, Australia",https://www.facebook.com/events/584707660657320/,Tuesday 3 December 2024 at 19:00
ùó¶ùó¢ùóüùóó ùó¢ùó®ùóß | Frank Turner & the Sleeping Souls // Melbourne // Good Things Sideshow // The Espy,2024-12-03,19:00,Good Things Festival,"448 Epsom Rd, Flemington VIC 3031, Australia",https://www.facebook.com/events/870313861909838/,Tuesday 3 December 2024 at 19:00
Billy Corgan // Melbourne // Good Things Festival Sideshow // Palais Theatre,2024-12-03,19:00,Good Things Festival,"448 Epsom Rd, Flemington VIC 3031, Australia",https://www.facebook.com/events/524410487135534/,Tuesday 3 December 2024 at 19:00
Gay-ming with Pride at The Gaming Arena!,2024-12-03,16:00,The Gaming Arena,"123 Bakers Rd, Coburg North VIC 3058, Australia",https://www.facebook.com/events/467533492828961/,Tuesday 3 December 2024 from 16:00-22:00
Highly Suspect // Melbourne // Good Things Festival Sideshow // Max Watts,2024-12-03,19:00,Max Watts,"125 Swanston St, Melbourne VIC 3000, Australia",https://www.facebook.com/events/951901566984093/,Tuesday 3 December 2024 at 19:00
"The Dare at Max Watt's, Melbourne (18+)",2024-12-04,19:00,Max Watts,"125 Swanston St, Melbourne VIC 3000, Australia",https://www.facebook.com/events/1040941070941784/,Wednesday 4 December 2024 from 19:00-22:00
The Melbourne Moth StorySLAM: SILVER LININGS,2024-12-04,19:30,Howler,"7-11 Dawson St, Brunswick VIC 3056, Australia",https://www.facebook.com/events/1122675559863044/,Wednesday 4 December 2024 at 19:30
Morning Melodies with Sandie Dodd & Col Perkins Christmas Special,2024-12-04,10:00,Altona Sports Club,"11 Altona Rd, Altona VIC 3018, Australia",https://www.facebook.com/events/1090964349481871/,Wednesday 4 December 2024 from 10:00-12:00
"Waxahatchee with Good Morning | Forum, Melbourne - SOLD OUT!",2024-12-05,19:00,Forum Melbourne,"154 Flinders St, Melbourne VIC 3000, Australia",https://www.facebook.com/events/1949784432153887/,Thursday 5 December 2024 at 19:00
Bill Barber and the Holding Cell  & Thursday Night Jam!,2024-12-05,19:00,Hume Blues Club Inc,"27 Ballantyne St, Thornbury VIC 3071, Australia",https://www.facebook.com/events/393907173459395/,Thursday 5 December 2024 from 19:00-22:30
Anthony B In Conversation - Hosted by Stick Mareebo ,2024-12-05,19:00,Wax Music Lounge,"250 Flinders St, Melbourne VIC 3000, Australia",https://www.facebook.com/events/1258076311797465/,Thursday 5 December 2024 from 19:00-23:30
Litmus (NL) ‚Äî AU Underground,2024-12-06,22:00,Revolver Upstairs,"Level 2/229 Chapel St, Prahran VIC 3181, Australia",https://www.facebook.com/events/2067806156988233/,Friday 6 December 2024 from 22:00-07:00
Patrick Topping | 170 Russell - Naarm/Melbourne,2024-12-06,23:00,170 Russell,"170 Russell St, Melbourne VIC 3000, Australia",https://www.facebook.com/events/1444481526247205/,Friday 6 December 2024 from 23:00-04:00
FULTON STREET ‚ÄòHard Truths‚Äô Album Launch,2024-12-06,20:00,Wax Music Lounge,"250 Flinders St, Melbourne VIC 3000, Australia",https://www.facebook.com/events/458819236788714/,Friday 6 December 2024 from 20:00-01:00
Ben Camden - 'Sunflowers' EP Launch,2024-12-06,19:30,One2three Bar,"123 Queens Parade, Clifton Hill VIC 3068, Australia",https://www.facebook.com/events/1267768264592686/,Friday 6 December 2024 at 19:30
EMO NEVER SLEEPS: DECEMBER,2024-12-06,22:00,EMO NEVER SLEEPS,"629 Bourke St, Melbourne VIC 3004, Australia",https://www.facebook.com/events/829633832582459/,Friday 6 December 2024 from 22:00-05:00
Devil Dogs @ Mr Boogie Man Bar,2024-12-06,19:00,Mr Boogie Man Bar,"160 Hoddle St, Abbotsford VIC 3067, Australia",https://www.facebook.com/events/1090536999482729/,Friday 6 December 2024 at 19:00
"Sarah Blasko with guest Queenie // Melbourne, Northcote Theatre",2024-12-06,19:30,Northcote Theatre,"216 High St, Northcote VIC 3070, Australia",https://www.facebook.com/events/399039979467353/,Friday 6 December 2024 at 19:30
Absolutely 80s Xmas Show -Scott Carne - Brian Mannix ‚Äì Wilbur Wilde,2024-12-06,20:00,Lucky 13 Garage,"8 Cochranes Rd, Moorabbin VIC 3189, Australia",https://www.facebook.com/events/406776375645564/,Friday 6 December 2024 at 20:00
VICTIM (NZ),2024-12-06,21:00,Laundry Bar,"50 Johnston St, Fitzroy VIC 3065, Australia",https://www.facebook.com/events/545719904743409/,Friday 6 December 2024 at 21:00
Absolutely 80s Xmas Show- Scott Carne -Brian Mannix -Wilbur Wilde @L13,2024-12-06,20:00,Lucky 13 Garage,"8 Cochranes Rd, Moorabbin VIC 3189, Australia",https://www.facebook.com/events/406507045830906/,Friday 6 December 2024 at 20:00
BOOTY BALL IV (+FREE BOTTOMLESS BOOZE) ,2024-12-06,22:00,New Guernica,"64 Smith St, Collingwood VIC 3066, Australia",https://www.facebook.com/events/925250086198839/,Friday 6 December 2024 from 22:00-04:00
Pat Presents: 'Free Play' MUSIC at CERES,2024-12-07,10:30,CERES Environment Park,"Stewart St & Roberts St East, Brunswick VIC 3056, Australia",https://www.facebook.com/events/772758177611844/,Saturday 7 December 2024 from 10:30-12:30
Kingston Farmers' Market,2024-12-07,08:00,Kingston City Hall,"979-985 Nepean Hwy, Moorabbin VIC 3189, Australia",https://www.facebook.com/events/771688524974680/,Saturday 7 December 2024 from 08:00-12:30
GYPSY ‚Äì The Australian Fleetwood Mac Show,2024-12-07,20:30,Altona Sports Club,"11 Altona Rd, Altona VIC 3018, Australia",https://www.facebook.com/events/8866919326673387/,Saturday 7 December 2024 at 20:30
Ramble Tamble Christmas Show @ Oakleigh Music Hall,2024-12-07,20:30,Oakleigh Carnegie RSL,"95/97 Drummond St, Oakleigh VIC 3166, Australia",https://www.facebook.com/events/432473559634394/,Saturday 7 December 2024 at 20:30
SKA Legends = Double trouble!,2024-12-07,20:00,THE CURTIN (John Curtin hotel),"29 Lygon St, Carlton VIC 3053, Australia",https://www.facebook.com/events/297884510062494/,Saturday 7 December 2024 from 20:00-00:00
Nursery Crimes first headline show in 17 years!,2024-12-07,20:00,Shotkickers,"744 High St, Thornbury VIC 3071, Australia",https://www.facebook.com/events/2045166809276434/,Saturday 7 December 2024 at 20:00
FULTON STREET 'Hard Truths' Album Launch ,2024-12-07,20:00,Wax Music Lounge,"250 Flinders St, Melbourne VIC 3000, Australia",https://www.facebook.com/events/478619644599035/,Saturday 7 December 2024 from 20:00-01:00
"James Marriott at Northcote Theatre, Melbourne (Unlicensed All Ages)",2024-12-08,19:00,Northcote Theatre,"216 High St, Northcote VIC 3070, Australia",https://www.facebook.com/events/725997812926777/,Sunday 8 December 2024 at 19:00
Sabor Y Ritmo - Afro-Cuban Jazz at the Paris Cat,2024-12-08,18:00,Paris Cat Jazz Club,"6 Goldie Pl, Melbourne VIC 3000, Australia",https://www.facebook.com/events/1744326796398144/,Sunday 8 December 2024 from 18:00-20:30
Juliet Fox - Revolver Sundays,2024-12-08,21:00,Revolver Upstairs,"Level 2/229 Chapel St, Prahran VIC 3181, Australia",https://www.facebook.com/events/1724506751461831/,Sunday 8 December 2024 at 21:00
Carols by Kingston 2024,2024-12-08,17:00,Kingston City Hall,"979-985 Nepean Hwy, Moorabbin VIC 3189, Australia",https://www.facebook.com/events/1259790941826118/,Sunday 8 December 2024 from 17:00-21:30
The Apartment | Matinee Memories at Balwyn,2024-12-08,13:00,Palace Cinemas,"1 Champ St, Coburg VIC 3058, Australia",https://www.facebook.com/events/882408260596177/,Sunday 8 December 2024 at 13:00
The Herberts Christmas Show @ Oakleigh Music Hall,2024-12-08,14:30,Oakleigh Carnegie RSL,"95/97 Drummond St, Oakleigh VIC 3166, Australia",https://www.facebook.com/events/740031578235967/,Sunday 8 December 2024 at 14:30
***SOLD OUT*** ROSS WILSON & THE PEACENIKS,2024-12-08,14:00,Way Out West Roots Music Club,"4 Market St, Newport VIC 3015, Australia",https://www.facebook.com/events/26559182147062741/,Sunday 8 December 2024 at 14:00
Crowded House | Melbourne,2024-12-10,19:00,Rod Laver Arena,"200 Batman Ave, Melbourne VIC 3004, Australia",https://www.facebook.com/events/825609872764703/,Tuesday 10 December 2024 at 19:00
DPR - The Dream Reborn Tour 2024,2024-12-10,19:00,Festival Hall,"300 Dudley St, West Melbourne VIC 3003, Australia",https://www.facebook.com/events/443224371939943/,Tuesday 10 December 2024 at 19:00
Santa Claus is Coming to Town,2024-12-10,11:00,The Clocktower Centre,"750 Mt Alexander Rd, Moonee Ponds VIC 3039, Australia",https://www.facebook.com/events/968126904794102/,Tuesday 10 December 2024 from 11:00-12:00
PLAY: Magicians at Work,2024-12-11,19:30,Arts Centre Melbourne,"100 St Kilda Rd, Southbank VIC 3004, Australia",https://www.facebook.com/events/7955852801173144/,Wednesday 11 December 2024 from 19:30-21:00
PLAY: Magicians at Work,2024-12-11,19:30,Arts Centre Melbourne,"100 St Kilda Rd, Southbank VIC 3004, Australia",https://www.facebook.com/events/719102477012730/,Wednesday 11 December 2024 from 19:30-21:00
Carols By The Bay,2024-12-12,21:15,Altona Sports Club,"11 Altona Rd, Altona VIC 3018, Australia",https://www.facebook.com/events/2018390251965139/,Thursday 12 December 2024 at 21:15
Wolf and Willie & Thursday Night Jam!,2024-12-12,19:00,Hume Blues Club Inc,"27 Ballantyne St, Thornbury VIC 3071, Australia",https://www.facebook.com/events/506055805343156/,Thursday 12 December 2024 from 19:00-22:30
HOLLY JOLLY QUEENS,2024-12-12,19:00,Murmur Piano Bar,"17 Warburton Ln, Melbourne VIC 3000, Australia",https://www.facebook.com/events/1269064844267980/,Thursday 12 December 2024 from 19:00-20:00
Brian Cadd @ Oakleigh Music Hall,2024-12-13,20:30,Oakleigh Carnegie RSL,"95/97 Drummond St, Oakleigh VIC 3166, Australia",https://www.facebook.com/events/2309359212746084/,Friday 13 December 2024 at 20:30
Bubble x New Guernica Pres. OLDBOY (UK) & DJ COSWORTH (UK),2024-12-13,22:00,New Guernica,"64 Smith St, Collingwood VIC 3066, Australia",https://www.facebook.com/events/501350539568850/,Friday 13 December 2024 from 22:00-04:00
Kandy Carnival,2024-12-13,18:00,Festival Hall,"300 Dudley St, West Melbourne VIC 3003, Australia",https://www.facebook.com/events/2057102354735739/,Friday 13 December 2024 at 18:00
An Evening With Malcura - Celebrating 'Flamenco Metal' ,2024-12-13,19:30,Mantra Studio Kitchen and Bar,"10A Campbell St, Yarraville VIC 3013, Australia",https://www.facebook.com/events/1767594000445805/,Friday 13 December 2024 at 19:30
Exek / R.M.F.C / G2g Live at The Curtin,2024-12-14,20:00,THE CURTIN (John Curtin hotel),"29 Lygon St, Carlton VIC 3053, Australia",https://www.facebook.com/events/1283234586029942/,Saturday 14 December 2024 at 20:00
"Mel Searle Presents: ‚ÄòThe Christmas Song‚Äô - An Ella, Nat King Cole & Friends Swingin' Christmas",2024-12-14,21:00,Paris Cat Jazz Club,"6 Goldie Pl, Melbourne VIC 3000, Australia",https://www.facebook.com/events/1662965077627158/,Saturday 14 December 2024 from 21:00-23:30
Adam Mendum & Carl Winfield @ The Thornbury Local,2024-12-14,20:00,The Thornbury Local,"635 High St, Thornbury VIC 3071, Australia",https://www.facebook.com/events/2097495117354005/,Saturday 14 December 2024 at 20:00
Voyager 2024,2024-12-14,21:00,24 Moons,"2 Arthurton Rd, Northcote VIC 3070, Australia",https://www.facebook.com/events/2331006080585343/,Saturday 14 December 2024 from 21:00-03:00
The Blues Brothers Show @ Oakleigh Music Hall,2024-12-14,20:00,Oakleigh Carnegie RSL,"95/97 Drummond St, Oakleigh VIC 3166, Australia",https://www.facebook.com/events/536992059054981/,Saturday 14 December 2024 at 20:00
Ramble Tamble - Empire Music Studios ,2024-12-14,19:00,Studio 52 / Empire Music Studios,"9 Northern Rd, Heidelberg West VIC 3081, Australia",https://www.facebook.com/events/963425278927163/,Saturday 14 December 2024 from 19:00-23:00
Lorcana Weekly Limited - Sealed,2024-12-14,16:30,The Gaming Arena,"123 Bakers Rd, Coburg North VIC 3058, Australia",https://www.facebook.com/events/529361729949752/,Saturday 14 December 2024 from 16:30-20:30
GEOFF ACHISON and THE SOUL DIGGERS,2024-12-15,14:00,Way Out West Roots Music Club,"4 Market St, Newport VIC 3015, Australia",https://www.facebook.com/events/543100528176870/,Sunday 15 December 2024 at 14:00
Ally Hocking Howe and Ragged Blossom,2024-12-15,15:30,Lulie Tavern,"225 Johnston St, Abbotsford VIC 3067, Australia",https://www.facebook.com/events/1497816807593958/,Sunday 15 December 2024 from 15:30-18:00
Dave Johnstone Band & Cyclone Mavis at the Old Bar,2024-12-15,15:30,The Old Bar,"74-76 Johnston St, Fitzroy VIC 3065, Australia",https://www.facebook.com/events/1501363610582411/,Sunday 15 December 2024 at 15:30
Dan and Phil - MELBOURNE,2024-12-15,20:00,Melbourne Convention and Exhibition Centre (MCEC),"1 Convention Centre Pl, South Wharf VIC 3006, Australia",https://www.facebook.com/events/1216428926390612/,Sunday 15 December 2024 at 20:00
Geoff Achison - Two Tones Christmas Party & Thursday Night Jam!,2024-12-19,19:00,Hume Blues Club Inc,"27 Ballantyne St, Thornbury VIC 3071, Australia",https://www.facebook.com/events/1021489572796457/,Thursday 19 December 2024 from 19:00-22:30
Jamie Miller 'Long Way Home' World Tour - Melbourne,2024-12-19,19:30,Max Watts,"125 Swanston St, Melbourne VIC 3000, Australia",https://www.facebook.com/events/1114079473421967/,Thursday 19 December 2024 at 19:30
It's A House Thing // 20 December // OneSixOne Rooftop,2024-12-20,17:00,onesixone,"161 High St, Prahran VIC 3181, Australia",https://www.facebook.com/events/932768668671860/,Friday 20 December 2024 from 17:00-00:00
Chocolate Starfish Christmas Extraveganza,2024-12-20,19:30,Juke's Karaoke Crown Melbourne,"Level 1 Metropol precinct, Crown Melbourne, 8 Whiteman St, Southbank VIC 3006, Australia",https://www.facebook.com/events/536046322197699/,Friday 20 December 2024 at 19:30
WAY OUT WEST ROOTS MUSIC CLUB XMAS with BLUES BROTHERS REVUE,2024-12-22,14:00,Way Out West Roots Music Club,"4 Market St, Newport VIC 3015, Australia",https://www.facebook.com/events/1932110123954549/,Sunday 22 December 2024 at 14:00
Melbourne Renegades v Perth Scorchers,2024-12-23,19:15,Marvel Stadium,"740 Bourke St, Docklands VIC 3008, Australia",https://www.facebook.com/events/1100490051644922/,Monday 23 December 2024 at 19:15
Christmas Breakfast at Stamford Plaza Melbourne,2024-12-25,08:30,Stamford Plaza Melbourne,"111 Little Collins St, Melbourne VIC 3000, Australia",https://www.facebook.com/events/3695916687292783/,Wednesday 25 December 2024 from 08:30-10:30
Christmas Day Lunch at Stamford Plaza Melbourne,2024-12-25,12:30,Stamford Plaza Melbourne,"111 Little Collins St, Melbourne VIC 3000, Australia",https://www.facebook.com/events/3900567380181919/,Wednesday 25 December 2024 from 12:30-15:30
Christmas at Taxi Kitchen,2024-12-25,12:00,Taxi Kitchen,"Taxi Kitchen, Transport Hotel, Level 1 Federation Square, Melbourne VIC 3000, Australia",https://www.facebook.com/events/470112345908446/,Wednesday 25 December 2024 from 12:00-15:00
It's Camp: Silly Season Drag Show,2024-12-29,20:00,The Old Bar,"74-76 Johnston St, Fitzroy VIC 3065, Australia",https://www.facebook.com/events/2235427943500413/,Sunday 29 December 2024 from 20:00-22:00
New Year's Eve 2024 Colour Carnival Party ,2024-12-31,19:00,Melrose Events,"2 Carrick Dr, Tullamarine VIC 3043, Australia",https://www.facebook.com/events/1089946612117986/,Tuesday 31 December 2024 at 19:00
"New Years Eve 2024/25 - Harbour Kitchen, Docklands Waterfront",2024-12-31,19:00,Harbour Kitchen,"Shop1/800 Bourke St, Docklands VIC 3008, Australia",https://www.facebook.com/events/880477334054142/,Tuesday 31 December 2024 from 19:00-02:00
FRENZEE - NYE ALBUM LAUNCH at The Old Bar,2024-12-31,19:00,The Old Bar,"74-76 Johnston St, Fitzroy VIC 3065, Australia",https://www.facebook.com/events/1011124097454591/,Tuesday 31 December 2024 at 19:00
WHITE NIGHT ‚ÄúPOPS‚Äù Dutch Club Carnegie N.Y.E -Party,2024-12-31,19:00,Carnegie Hall,"60 Rosstown Rd, Carnegie VIC 3163, Australia",https://www.facebook.com/events/1047481486819074/,Tuesday 31 December 2024 from 19:00-00:45
New Year's Eve at Taxi Kitchen!,2024-12-31,19:30,Taxi Kitchen,"Taxi Kitchen, Transport Hotel, Level 1 Federation Square, Melbourne VIC 3000, Australia",https://www.facebook.com/events/1955292528268444/,Tuesday 31 December 2024 from 19:30-00:00
New Year's Eve Dinner: A Culinary Countdown,2024-12-31,18:00,Stamford Plaza Melbourne,"111 Little Collins St, Melbourne VIC 3000, Australia",https://www.facebook.com/events/460401196531971/,Tuesday 31 December 2024 at 18:00
NEW YEARS EMO: 2024,2024-12-31,20:00,EMO NEVER SLEEPS,"629 Bourke St, Melbourne VIC 3004, Australia",https://www.facebook.com/events/1892210754579999/,Tuesday 31 December 2024 at 20:00
Elysium Goth Night New Years' Eve 2024,2024-12-31,21:00,24 Moons,"2 Arthurton Rd, Northcote VIC 3070, Australia",https://www.facebook.com/events/411903715202020/,Tuesday 31 December 2024 from 21:00-04:00
New Year's DJ Bash At Stamford Plaza Melbourne,2024-12-31,21:30,Stamford Plaza Melbourne,"111 Little Collins St, Melbourne VIC 3000, Australia",https://www.facebook.com/events/1055170402816968/,Tuesday 31 December 2024 at 21:30
Melbourne Renegades v Adelaide Strikers,2025-01-02,19:15,Marvel Stadium,"740 Bourke St, Docklands VIC 3008, Australia",https://www.facebook.com/events/806023411614924/,Thursday 2 January 2025 at 19:15
Sugababes,2025-01-03,00:00,Festival Hall,"300 Dudley St, West Melbourne VIC 3003, Australia",https://www.facebook.com/events/896820248708081/,Friday 3 January 2025 at 00:00
Hot Chip (DJ Set - UK) ‚Äî Revolver Fridays,2025-01-03,22:00,Revolver Upstairs,"Level 2/229 Chapel St, Prahran VIC 3181, Australia",https://www.facebook.com/events/437393452327240/,Friday 3 January 2025 from 22:00-07:00
No Regrets - The Edith Piaf Story (Paris Cat Jazz Club),2025-01-09,19:30,Paris Cat Jazz Club,"6 Goldie Pl, Melbourne VIC 3000, Australia",https://www.facebook.com/events/918127910185251/,Thursday 9 January 2025 from 19:30-21:30
Legends in Concert ,2025-01-09,19:30,Juke's Karaoke Crown Melbourne,"Level 1 Metropol precinct, Crown Melbourne, 8 Whiteman St, Southbank VIC 3006, Australia",https://www.facebook.com/events/1154047275692684/,Thursday 9 January 2025 from 19:30-22:00
Rufus Wainwright,2025-01-10,19:30,Melbourne Recital Centre,"31 Sturt St, Southbank VIC 3006, Australia",https://www.facebook.com/events/2477068575834143/,Friday 10 January 2025 from 19:30-22:00
Rufus Wainwright,2025-01-10,19:30,Melbourne Recital Centre,"31 Sturt St, Southbank VIC 3006, Australia",https://www.facebook.com/events/2477068575834143/?event_time_id=2477068579167476,Friday 10 January 2025 from 19:30-22:00
South Yarra Puppy Pub Crawl,2025-01-12,15:00,Temperance Hotel,"426 Chapel St, South Yarra VIC 3141, Australia",https://www.facebook.com/events/476113771540134/,Sunday 12 January 2025 from 15:00-18:30
Melbourne Renegades v Melbourne Stars,2025-01-12,19:15,Marvel Stadium,"740 Bourke St, Docklands VIC 3008, Australia",https://www.facebook.com/events/1075760594125925/,Sunday 12 January 2025 at 19:15
Benson Boone,2025-01-16,20:00,Festival Hall,"300 Dudley St, West Melbourne VIC 3003, Australia",https://www.facebook.com/events/3773086809629510/,Thursday 16 January 2025 at 20:00
This Never Happened 2025 | Naarm/Melbourne,2025-01-17,20:00,170 Russell,"170 Russell St, Melbourne VIC 3000, Australia",https://www.facebook.com/events/975953531218310/,Friday 17 January 2025 at 20:00
Benson Boone,2025-01-17,20:00,Festival Hall,"300 Dudley St, West Melbourne VIC 3003, Australia",https://www.facebook.com/events/1484740649070879/,Friday 17 January 2025 at 20:00
Melbourne Renegades v Brisbane Heat,2025-01-18,17:00,Marvel Stadium,"740 Bourke St, Docklands VIC 3008, Australia",https://www.facebook.com/events/1208951153488573/,Saturday 18 January 2025 at 17:00
Carnegie Hall - Dutch Club,2025-01-18,19:00,Carnegie Hall,"60 Rosstown Rd, Carnegie VIC 3163, Australia",https://www.facebook.com/events/527728613533913/,Saturday 18 January 2025 from 19:00-23:00
I See Stars // Melbourne // Max Watts // + Wind Walkers // 18+,2025-01-22,19:00,Max Watts,"125 Swanston St, Melbourne VIC 3000, Australia",https://www.facebook.com/events/8298745216878326/,Wednesday 22 January 2025 at 19:00
Vengaboys - 90's Mania,2025-01-24,19:30,Festival Hall,"300 Dudley St, West Melbourne VIC 3003, Australia",https://www.facebook.com/events/1276774176572619/,Friday 24 January 2025 at 19:30
Soft Play | Melbourne,2025-01-27,19:00,170 Russell,"170 Russell St, Melbourne VIC 3000, Australia",https://www.facebook.com/events/853786726543518/,Monday 27 January 2025 at 19:00
"10TH ANNIVERSARY OF ""RUDE"" MAGIC! AUSTRALIA TOUR | WEDNESDAY 29 JANUARY | 170 RUSSELL, MELBOURNE",2025-01-29,19:30,170 Russell,"170 Russell St, Melbourne VIC 3000, Australia",https://www.facebook.com/events/1220043875653446/,Wednesday 29 January 2025 at 19:30
Wheatus (Acoustic) - Dirtbags Across Australia Tour at The Thornbury Theatre ,2025-02-01,20:00,The Thornbury Theatre,"859 High St, Thornbury VIC 3071, Australia",https://www.facebook.com/events/1197972961278342/,Saturday 1 February 2025 at 20:00
The Flaming Lips perform Yoshimi Battles the Pink Robots,2025-02-01,18:30,Festival Hall,"300 Dudley St, West Melbourne VIC 3003, Australia",https://www.facebook.com/events/1030591665135268/,Saturday 1 February 2025 at 18:30
LUKE COMBS UNOFFICIAL AFTER PARTY | Melbourne | Fri Feb 7,2025-02-07,21:00,Bourke Street Courtyard,"629 Bourke St, Melbourne VIC 3004, Australia",https://www.facebook.com/events/801690638663037/,Friday 7 February 2025 from 21:00-03:00
Windwaker 'Hyperviolence' Aus Tour ‚Äì Melbourne ,2025-02-07,18:15,170 Russell,"170 Russell St, Melbourne VIC 3000, Australia",https://www.facebook.com/events/1054140219544876/,Friday 7 February 2025 at 18:15
Luke Combs - Live in Australia 2025,2025-02-07,18:00,Marvel Stadium,"740 Bourke St, Docklands VIC 3008, Australia",https://www.facebook.com/events/1255189179254440/,Friday 7 February 2025 at 18:00
LUKE COMBS AFTERPARTY MELBOURNE SAT 8TH FEB,2025-02-08,22:00,La Di Da,"577 Little Bourke St, Melbourne VIC 3000, Australia",https://www.facebook.com/events/896958235663149/,Saturday 8 February 2025 at 22:00
Luke Combs - Live in Australia 2025,2025-02-08,18:00,Marvel Stadium,"740 Bourke St, Docklands VIC 3008, Australia",https://www.facebook.com/events/1683279058883376/,Saturday 8 February 2025 at 18:00
ANTS Melbourne 2025,2025-02-14,21:00,170 Russell,"170 Russell St, Melbourne VIC 3000, Australia",https://www.facebook.com/events/944660744157449/,Friday 14 February 2025 from 21:00-05:00
Groove Dimension - Dutch Club Carnegie return!!,2025-02-15,19:00,Carnegie Hall,"60 Rosstown Rd, Carnegie VIC 3163, Australia",https://www.facebook.com/events/3868506873418063/,Saturday 15 February 2025 at 19:00
Ups and Downs 40th Anniversary Show - Marrickville,2025-03-08,19:30,The Flying Saucer Club,"979-985 Nepean Hwy, Moorabbin VIC 3189, Australia",https://www.facebook.com/events/1206888597048281/,Saturday 8 March 2025 at 19:30
"EUROGLIDERS & KIDS IN THE KITCHEN. Sunday 9 March Palms at Crown  "" Labour Day Weekend"" On Sale",2025-03-09,19:30,Juke's Karaoke Crown Melbourne,"Level 1 Metropol precinct, Crown Melbourne, 8 Whiteman St, Southbank VIC 3006, Australia",https://www.facebook.com/events/1201034088031180/,Sunday 9 March 2025 from 19:30-22:30
"PJ Harvey - Plenary at MCEC, Melbourne ",2025-03-11,18:00,Melbourne Convention and Exhibition Centre (MCEC),"1 Convention Centre Pl, South Wharf VIC 3006, Australia",https://www.facebook.com/events/1238902004087964/,Tuesday 11 March 2025 at 18:00
Ups and Downs 40th Anniversary Show - Brisbane,2025-03-14,20:00,The Flying Saucer Club,"979-985 Nepean Hwy, Moorabbin VIC 3189, Australia",https://www.facebook.com/events/1018478273378081/,Friday 14 March 2025 at 20:00 AEDT
Kings of Country Rock ‚Äì Eagles Vs Creedence ‚Äì Palms At Crown Melbourne,2025-03-15,19:30,Juke's Karaoke Crown Melbourne,"Level 1 Metropol precinct, Crown Melbourne, 8 Whiteman St, Southbank VIC 3006, Australia",https://www.facebook.com/events/1060146635239964/,Saturday 15 March 2025 at 19:30
Wild Rivers 'Everywhere We Go' Australian Tour - Melbourne,2025-03-21,20:00,Prince Bandroom,"29 Fitzroy St, St Kilda VIC 3182, Australia",https://www.facebook.com/events/1738744823645529/,Friday 21 March 2025 at 20:00
Ups and Downs 40th Anniversary Show - Brunswick,2025-03-22,18:30,The Flying Saucer Club,"979-985 Nepean Hwy, Moorabbin VIC 3189, Australia",https://www.facebook.com/events/519773777548154/,Saturday 22 March 2025 at 18:30
Monster Truck Mania Live 2025 Melbourne,2025-05-03,13:30,Rod Laver Arena,"200 Batman Ave, Melbourne VIC 3004, Australia",https://www.facebook.com/events/827132342603232/,Saturday 3 May 2025 from 13:30-16:00 AEST
British & Irish Lions v TBA,2025-07-22,20:00,Marvel Stadium,"740 Bourke St, Docklands VIC 3008, Australia",https://www.facebook.com/events/1373380116690537/,Tuesday 22 July 2025 at 20:00
"BC #433 (Que Sakamoto, Zeus & 2StepBec, KNA, Daktari)",2099-01-01,01:11,onesixone,"161 High St, Prahran VIC 3181, Australia",https://www.facebook.com/events/1978590755919902/,18 Nov at 08:00 ‚Äì 19 Nov at 03:00
StoryVille Saturdays // ft. Sunshine // 16th November,2099-01-01,01:11,StoryVille,"185 Lonsdale St, Melbourne VIC 3000, Australia",https://www.facebook.com/events/1475146299831990/,16 Nov at 22:30 ‚Äì 17 Nov at 10:00
2024 PrideFEST Film Festival,2099-01-01,01:11,Palace Cinemas,"1 Champ St, Coburg VIC 3058, Australia",https://www.facebook.com/events/1994673314311614/,12 Nov at 13:00 ‚Äì 20 Nov at 16:00 AEDT
TSHA (Ninja Tune - UK) ‚Äî Kanvas Presents & Revolver Sundays,2099-01-01,01:11,Revolver Upstairs,"Level 2/229 Chapel St, Prahran VIC 3181, Australia",https://www.facebook.com/events/913736647303818/,17 Nov at 21:00 ‚Äì 18 Nov at 07:00
Palace Church Street eTicket Offer!,2099-01-01,01:11,Palace Cinemas,"1 Champ St, Coburg VIC 3058, Australia",https://www.facebook.com/events/1091741695943924/,26 Nov at 13:00 ‚Äì 10 Dec at 13:00
T-REK REVS20 ‚Äî Revolver Sundays,2099-01-01,01:11,Revolver Upstairs,"Level 2/229 Chapel St, Prahran VIC 3181, Australia",https://www.facebook.com/events/425731170326645/,1 Dec at 19:00 ‚Äì 2 Dec at 07:00
"Bjorn Again - MELBOURNE, VIC 2024 - Waterloo Anniversary Tour",2099-01-01,01:11,Juke's Karaoke Crown Melbourne,"Level 1 Metropol precinct, Crown Melbourne, 8 Whiteman St, Southbank VIC 3006, Australia",https://www.facebook.com/events/868595708408827/,22 Nov at 20:00 ‚Äì 23 Nov at 23:00
Love Action Presents Romain FX - ALL NIGHT LONG ,2099-01-01,01:11,24 Moons,"2 Arthurton Rd, Northcote VIC 3070, Australia",https://www.facebook.com/events/485148191233227/,13 Dec at 09:00 ‚Äì 14 Dec at 04:00
Christmas Bazaar,2099-01-01,01:11,Clayton Community Centre,"9/15 Cooke St, Clayton VIC 3168, Australia",https://www.facebook.com/events/1002201191709597/,24 Nov at 01:00 ‚Äì 24 Nov at 07:00 AEDT
Bottomless Drinks Secret Garden,2099-01-01,01:11,Secret Garden Bar,"7/60 Fitzroy St, St Kilda VIC 3182, Australia",https://www.facebook.com/events/947303075675901/,17 Jan 2025 at 17:00 ‚Äì 19 Jan 2025 at 18:00
Eternal Sunshine of the Spotless Mind: 20th Anniversary screening season,2099-01-01,01:11,Cinema Nova,"380 Lygon St, Carlton VIC 3053, Australia",https://www.facebook.com/events/860045712611911/,21 Nov at 20:45 ‚Äì 27 Nov at 19:00
"[SOLD OUT] BANKS at Northcote Theatre, Melbourne (18+)",2099-01-01,01:11,Northcote Theatre,"216 High St, Northcote VIC 3070, Australia",https://www.facebook.com/events/1081114210192060/,26 Nov at 19:00 ‚Äì 27 Nov at 22:00
[POSTPONED] - Judas Priestess (USA) - Live in Melbourne ,2099-01-01,01:11,Max Watts,"125 Swanston St, Melbourne VIC 3000, Australia",https://www.facebook.com/events/1897115354060500/,8 Dec at 20:00 ‚Äì 22 Dec at 20:00
"[SOLD OUT] Mk.gee at Max Watt's & The Forum, Melbourne (18+)",2099-01-01,01:11,Max Watts,"125 Swanston St, Melbourne VIC 3000, Australia",https://www.facebook.com/events/750848963630229/,7 Dec at 19:00 ‚Äì 8 Dec at 23:59
ENS 4TH BIRTHDAY: EMOPALOOZA,2099-01-01,01:11,EMO NEVER SLEEPS,"629 Bourke St, Melbourne VIC 3004, Australia",https://www.facebook.com/events/307391512396163/,21 Dec at 14:00 ‚Äì 22 Dec at 03:00
SECOND SHOW | MISS KANINNA | NAARM/MELB | HOWLER,2099-01-01,01:11,Howler,"7-11 Dawson St, Brunswick VIC 3056, Australia",https://www.facebook.com/events/813895347583507/,22 Nov at 21:00 ‚Äì 23 Nov at 12:00
Secret Garden Bottomless Drinks!,2099-01-01,01:11,Secret Garden Bar,"7/60 Fitzroy St, St Kilda VIC 3182, Australia",https://www.facebook.com/events/276233187077403/,6 Dec at 17:00 ‚Äì 8 Dec at 18:00
